order_id,customer_id,store_id,order_date,order_time,payment_method,order_status,shipping_country,shipping_delay_days,order_total
1,110,44,2021-08-10,10:59:00,Online,Completed,Colombia,0,2.5
2,160,41,2024-04-13,15:29:00,Card,Completed,Spain,0,2.0
3,180,8,2024-09-02,07:47:00,Mobile Wallet,Completed,France,0,3.25
6,32,27,2022-12-26,20:29:00,Online,Completed,Ethiopia,0,6.25
7,55,10,2024-09-06,12:32:00,Mobile Wallet,Completed,Guatemala,0,4.0
8,110,36,2024-06-27,22:27:00,Cash,Completed,Guatemala,0,1.5
9,70,45,2022-09-25,02:22:00,Card,Completed,United States,0,5.5
10,136,14,2023-02-10,11:04:00,Card,Completed,UK,0,4.0
11,14,10,2021-11-19,22:35:00,Card,Completed,Germany,0,2.5
12,70,14,2023-11-16,20:14:00,Card,Completed,Mexico,0,3.75
13,102,39,2021-04-23,08:43:00,Card,Completed,Ethiopia,0,3.25
14,192,28,2021-12-26,22:48:00,Cash,Completed,Colombia,0,3.25
15,190,3,2023-06-13,19:34:00,Online,Completed,Spain,0,4.0
16,104,2,2022-10-28,12:21:00,Online,Completed,Ethiopia,0,3.75
17,151,26,2023-12-10,05:44:00,Mobile Wallet,Completed,Ethiopia,0,4.0
18,50,50,2022-12-17,04:59:00,Online,Completed,Indonesia,1,3.5
19,195,49,2024-09-04,19:14:00,Online,Completed,France,1,3.75
20,145,42,2024-07-25,20:11:00,Card,Completed,Australia,0,10.25
21,119,29,2021-03-19,03:04:00,Mobile Wallet,Completed,Australia,0,2.5
22,149,36,2021-03-26,16:14:00,Mobile Wallet,Completed,Brazil,0,3.25
23,88,46,2021-06-22,14:59:00,Card,Completed,Germany,0,3.25
24,96,19,2023-03-05,21:32:00,Card,Completed,Colombia,0,2.0
25,143,44,2023-03-03,11:22:00,Mobile Wallet,Completed,Vietnam,3,2.0
26,80,42,2024-09-18,12:51:00,Cash,Completed,Peru,2,2.5
27,172,45,2023-12-15,12:22:00,Cash,Completed,India,0,4.5
28,197,32,2022-01-29,03:27:00,Card,Completed,Canada,2,2.5
29,135,3,2024-09-17,05:15:00,Mobile Wallet,Completed,Germany,2,3.5
30,43,47,2023-06-16,20:50:00,Card,Completed,France,0,6.5
31,62,20,2023-08-19,13:02:00,Card,Completed,Spain,5,7.75
34,129,24,2022-04-28,03:22:00,Card,Completed,Peru,1,3.25
36,39,36,2024-05-31,04:09:00,Card,Completed,Spain,1,3.75
37,160,30,2021-05-09,21:34:00,Online,Completed,Kenya,1,2.0
38,75,28,2021-01-04,22:48:00,Card,Completed,Honduras,0,3.25
39,135,35,2023-11-06,16:02:00,Cash,Completed,Costa Rica,7,1.5
40,65,48,2021-02-03,21:26:00,Card,Completed,UK,1,3.25
41,86,9,2021-04-01,23:22:00,Card,Completed,Italy,1,3.5
44,95,28,2023-03-31,06:22:00,Mobile Wallet,Completed,Italy,0,3.25
45,133,18,2021-06-19,06:09:00,Card,Completed,Peru,0,4.0
46,84,43,2022-08-29,15:09:00,Cash,Completed,Brazil,1,3.25
47,91,40,2023-06-10,21:45:00,Online,Completed,Australia,2,1.5
48,174,11,2021-03-05,02:17:00,Cash,Completed,Honduras,0,3.75
49,146,3,2024-05-24,02:37:00,Card,Completed,Australia,0,4.0
53,180,41,2021-12-23,04:44:00,Cash,Completed,Italy,0,5.0
54,142,37,2023-01-26,02:56:00,Online,Completed,Costa Rica,7,3.5
55,185,31,2023-12-13,10:49:00,Card,Completed,France,0,2.0
56,133,23,2021-09-20,01:53:00,Mobile Wallet,Completed,Australia,0,5.5
58,78,40,2023-12-29,05:15:00,Cash,Completed,Germany,1,4.0
59,155,22,2024-02-29,21:53:00,Mobile Wallet,Completed,Guatemala,1,2.5
60,197,37,2023-05-04,10:18:00,Card,Completed,Costa Rica,0,4.5
61,19,45,2021-05-03,20:42:00,Card,Completed,Peru,1,3.75
62,89,26,2021-09-25,15:55:00,Cash,Completed,France,0,2.5
63,25,4,2022-08-18,19:43:00,Mobile Wallet,Completed,India,1,6.75
64,128,33,2023-08-15,13:25:00,Card,Completed,Kenya,0,1.5
65,91,4,2021-04-14,00:16:00,Cash,Completed,Spain,0,3.75
66,68,47,2023-01-20,19:10:00,Card,Completed,Canada,0,3.25
67,99,33,2023-07-12,04:03:00,Card,Completed,Ethiopia,0,2.0
68,87,36,2023-01-19,01:22:00,Card,Completed,Vietnam,1,4.5
69,122,34,2023-07-25,20:55:00,Mobile Wallet,Completed,Costa Rica,7,3.5
70,190,20,2024-04-30,19:12:00,Mobile Wallet,Completed,United States,0,4.5
72,185,4,2024-04-10,12:58:00,Cash,Completed,Kenya,0,2.0
73,180,8,2022-01-26,06:57:00,Card,Completed,Germany,3,3.5
74,189,47,2021-05-08,22:36:00,Cash,Completed,Costa Rica,0,4.5
76,58,20,2022-08-15,11:54:00,Cash,Completed,Guatemala,0,3.75
77,147,44,2024-01-18,04:59:00,Online,Completed,Mexico,5,8.0
78,21,23,2023-06-25,18:23:00,Mobile Wallet,Completed,Canada,1,3.25
79,36,7,2024-06-14,18:07:00,Card,Completed,Kenya,0,1.5
80,106,22,2023-08-26,05:23:00,Mobile Wallet,Completed,Italy,0,3.0
81,52,49,2022-08-12,07:55:00,Cash,Completed,Brazil,3,2.5
84,29,22,2021-11-29,11:30:00,Cash,Completed,UK,1,3.5
85,50,12,2024-06-05,03:15:00,Mobile Wallet,Completed,Vietnam,0,5.75
86,64,1,2022-06-19,10:18:00,Card,Completed,UK,0,7.5
87,168,24,2022-04-29,23:25:00,Card,Completed,Mexico,1,3.75
88,164,19,2023-01-23,15:31:00,Card,Completed,Germany,0,3.5
89,180,36,2023-08-23,23:13:00,Mobile Wallet,Completed,Colombia,0,3.25
90,136,46,2023-01-11,17:15:00,Cash,Completed,Canada,0,1.5
91,84,34,2023-06-24,17:25:00,Card,Completed,Brazil,0,2.0
92,132,27,2023-07-25,13:30:00,Cash,Completed,United States,1,3.75
94,105,12,2021-10-05,13:03:00,Online,Completed,Costa Rica,0,3.25
95,175,43,2024-01-10,18:20:00,Mobile Wallet,Completed,Vietnam,1,2.5
96,58,1,2021-02-16,08:26:00,Card,Completed,Vietnam,0,7.75
97,186,49,2021-08-20,00:32:00,Cash,Completed,Colombia,0,2.0
98,9,29,2024-05-09,13:43:00,Mobile Wallet,Completed,Canada,0,3.25
99,199,4,2021-10-14,20:24:00,Card,Completed,Peru,0,2.0
101,110,36,2023-10-13,10:52:00,Card,Completed,Spain,0,3.25
102,97,12,2024-01-07,04:55:00,Mobile Wallet,Completed,Brazil,0,3.75
104,186,13,2021-04-16,02:29:00,Cash,Completed,UK,1,2.0
105,144,14,2023-09-09,00:31:00,Online,Completed,India,5,7.5
106,31,48,2023-09-08,09:39:00,Cash,Completed,Canada,1,6.5
107,79,17,2023-01-07,16:01:00,Card,Completed,Peru,3,2.5
110,126,47,2024-08-07,18:39:00,Card,Completed,Canada,7,4.0
111,16,34,2021-03-11,21:31:00,Card,Completed,Vietnam,0,4.75
112,130,30,2023-02-04,22:30:00,Cash,Completed,United States,0,4.0
113,106,1,2021-02-04,23:49:00,Card,Completed,Indonesia,0,3.75
114,25,34,2021-11-01,09:07:00,Cash,Completed,Colombia,0,3.75
115,104,30,2024-03-03,02:45:00,Cash,Completed,Brazil,0,3.75
116,98,25,2024-02-06,14:48:00,Cash,Completed,Peru,0,3.5
118,145,43,2021-03-09,20:02:00,Mobile Wallet,Completed,Costa Rica,3,3.0
119,77,11,2024-02-29,18:27:00,Mobile Wallet,Completed,Vietnam,1,3.25
120,177,47,2021-06-10,07:55:00,Online,Completed,Peru,1,1.5
121,158,39,2023-03-24,12:08:00,Card,Completed,Costa Rica,0,7.5
122,175,38,2024-09-15,02:30:00,Mobile Wallet,Completed,Vietnam,0,3.75
123,163,10,2023-03-09,15:10:00,Card,Completed,Guatemala,0,3.0
124,23,12,2023-06-02,03:03:00,Cash,Completed,Colombia,0,3.25
126,44,44,2023-02-19,02:09:00,Card,Completed,Guatemala,0,3.75
127,124,5,2023-01-10,06:40:00,Card,Completed,Vietnam,0,3.75
129,155,45,2022-02-16,09:56:00,Card,Completed,Italy,5,6.5
130,63,21,2023-02-10,19:14:00,Mobile Wallet,Completed,Canada,0,4.0
131,197,36,2021-02-25,02:21:00,Card,Completed,Spain,1,7.0
132,36,41,2022-09-13,02:31:00,Cash,Completed,Germany,0,3.25
133,103,35,2023-11-04,18:19:00,Mobile Wallet,Completed,Colombia,0,7.25
134,64,43,2024-09-23,22:01:00,Cash,Completed,Costa Rica,5,1.5
135,85,28,2021-08-05,19:02:00,Card,Completed,UK,0,4.5
136,96,26,2023-08-07,00:50:00,Cash,Completed,Mexico,0,4.5
137,22,8,2021-10-18,11:53:00,Card,Completed,France,1,3.25
138,116,21,2021-05-18,11:42:00,Mobile Wallet,Completed,Indonesia,3,2.5
139,190,16,2023-11-23,15:46:00,Card,Completed,Costa Rica,1,4.5
140,48,41,2024-09-08,15:20:00,Card,Completed,Costa Rica,0,2.0
141,55,14,2022-07-25,18:19:00,Mobile Wallet,Completed,Peru,0,2.5
142,30,17,2024-10-05,03:53:00,Cash,Completed,France,1,6.0
143,173,46,2022-09-02,06:14:00,Cash,Completed,Vietnam,0,6.75
146,99,36,2023-11-02,15:09:00,Card,Completed,Colombia,0,3.75
147,195,15,2022-08-22,15:36:00,Card,Completed,Italy,0,3.75
148,29,37,2021-08-22,01:25:00,Cash,Completed,France,0,4.0
150,31,50,2022-05-01,20:49:00,Mobile Wallet,Completed,Indonesia,1,4.0
152,69,33,2024-10-23,04:19:00,Card,Completed,Vietnam,0,10.25
153,183,21,2022-05-22,21:35:00,Cash,Completed,Spain,0,3.75
154,20,41,2021-07-10,16:39:00,Mobile Wallet,Completed,United States,2,4.0
155,188,6,2023-07-28,13:34:00,Cash,Completed,Spain,2,2.5
156,127,18,2022-10-24,23:17:00,Card,Completed,Brazil,0,5.75
158,71,6,2024-09-02,21:21:00,Card,Completed,Kenya,0,3.5
159,24,46,2021-07-14,17:43:00,Card,Completed,United States,0,3.5
160,88,8,2023-05-15,03:29:00,Card,Completed,Honduras,2,3.25
161,36,25,2021-09-30,00:17:00,Cash,Completed,Indonesia,0,2.5
162,185,14,2024-07-10,07:24:00,Online,Completed,Ethiopia,0,2.0
163,32,38,2023-02-26,22:00:00,Card,Completed,Canada,1,3.5
164,185,39,2022-08-07,20:42:00,Cash,Completed,Costa Rica,0,3.75
166,146,27,2023-01-19,02:29:00,Card,Completed,Colombia,0,7.5
167,56,3,2021-05-04,14:27:00,Card,Completed,Colombia,1,8.25
168,138,40,2021-11-09,05:18:00,Card,Completed,Costa Rica,0,9.0
169,196,42,2024-10-26,08:08:00,Card,Completed,Colombia,3,3.25
170,30,30,2024-06-07,04:41:00,Card,Completed,Indonesia,0,3.5
171,89,34,2023-11-26,09:10:00,Mobile Wallet,Completed,Ethiopia,1,3.5
172,8,22,2023-05-30,16:56:00,Card,Completed,Honduras,0,2.0
173,146,11,2023-01-24,03:56:00,Mobile Wallet,Completed,Australia,0,2.0
174,4,16,2021-04-05,01:12:00,Card,Completed,Spain,0,3.5
176,133,3,2023-04-02,10:36:00,Card,Completed,Canada,0,3.75
177,95,13,2022-08-21,12:34:00,Card,Completed,Italy,7,2.0
178,199,13,2024-01-25,00:48:00,Card,Completed,Honduras,1,3.0
180,16,10,2022-07-28,12:42:00,Online,Completed,Colombia,0,4.5
182,189,21,2022-10-14,19:57:00,Card,Completed,Ethiopia,0,3.25
183,120,21,2023-04-13,15:48:00,Card,Completed,Ethiopia,0,3.25
185,174,20,2022-06-17,08:31:00,Card,Completed,Ethiopia,2,7.75
186,36,8,2021-01-25,13:40:00,Mobile Wallet,Completed,Colombia,0,3.25
187,67,5,2021-02-14,15:44:00,Card,Completed,UK,0,12.75
188,186,26,2023-10-14,06:23:00,Cash,Completed,France,2,3.5
189,9,40,2024-06-22,18:47:00,Cash,Completed,Colombia,0,3.75
190,36,27,2022-02-13,18:33:00,Mobile Wallet,Completed,Costa Rica,1,3.25
191,92,31,2024-01-21,13:15:00,Card,Completed,United States,0,2.0
193,169,16,2022-06-30,07:29:00,Mobile Wallet,Completed,Costa Rica,0,1.5
194,45,12,2022-04-30,00:57:00,Mobile Wallet,Completed,Honduras,3,8.0
195,145,10,2024-02-28,03:04:00,Mobile Wallet,Completed,Germany,0,7.25
197,38,38,2021-10-18,12:45:00,Mobile Wallet,Completed,Costa Rica,0,8.0
198,87,20,2022-10-23,16:37:00,Card,Completed,Indonesia,1,3.25
199,144,45,2024-06-10,12:54:00,Card,Completed,Mexico,0,2.0
200,187,1,2024-03-19,20:33:00,Online,Completed,Germany,0,2.0
201,145,7,2023-10-14,10:54:00,Mobile Wallet,Completed,Colombia,2,3.25
202,172,41,2022-11-19,11:57:00,Card,Completed,Ethiopia,1,3.25
203,13,25,2023-06-17,12:55:00,Online,Completed,Costa Rica,0,3.25
204,123,37,2024-08-26,01:08:00,Card,Completed,Peru,0,3.75
205,27,5,2022-12-02,03:10:00,Card,Completed,Germany,2,2.5
206,181,2,2023-06-03,06:29:00,Card,Completed,Canada,1,5.75
207,187,35,2022-06-28,19:30:00,Card,Completed,Italy,0,2.5
208,93,1,2023-05-26,03:18:00,Mobile Wallet,Completed,Indonesia,1,2.0
209,21,31,2021-08-25,09:02:00,Card,Completed,Canada,0,3.75
210,95,25,2023-01-27,07:43:00,Card,Completed,UK,0,3.75
211,193,45,2024-09-28,20:07:00,Cash,Completed,Brazil,2,4.5
212,134,27,2024-01-02,16:15:00,Online,Completed,Costa Rica,3,2.0
213,183,3,2023-10-26,21:10:00,Cash,Completed,France,0,2.0
214,43,14,2022-01-30,21:24:00,Card,Completed,Germany,0,3.25
215,187,5,2021-06-28,17:44:00,Card,Completed,United States,1,4.0
216,160,38,2023-12-07,20:04:00,Card,Completed,Ethiopia,3,3.5
217,145,50,2021-07-26,09:00:00,Mobile Wallet,Completed,Italy,0,4.0
218,122,3,2021-12-19,13:42:00,Card,Completed,Peru,1,2.0
220,59,9,2022-09-08,03:02:00,Card,Completed,India,3,7.25
221,105,48,2023-09-20,05:25:00,Mobile Wallet,Completed,Australia,0,1.5
222,200,34,2024-03-10,08:30:00,Card,Completed,Brazil,3,3.25
223,181,13,2022-07-16,04:13:00,Card,Completed,Kenya,0,3.25
224,153,29,2021-12-30,08:49:00,Card,Completed,Colombia,0,8.0
225,99,4,2021-11-30,09:11:00,Mobile Wallet,Completed,Australia,0,6.5
226,200,50,2024-10-29,00:17:00,Online,Completed,Germany,2,3.5
227,79,46,2024-08-09,07:26:00,Mobile Wallet,Completed,Australia,2,4.0
228,102,38,2021-07-29,20:16:00,Online,Completed,Mexico,1,4.0
229,124,5,2022-11-20,01:56:00,Cash,Completed,Germany,0,12.0
230,82,44,2021-10-14,14:17:00,Cash,Completed,Brazil,0,3.75
232,44,43,2024-02-18,19:04:00,Card,Completed,Indonesia,3,3.5
233,86,42,2021-07-02,11:18:00,Card,Completed,UK,0,3.75
234,31,31,2021-04-20,23:14:00,Cash,Completed,Mexico,0,5.25
235,39,9,2022-02-15,06:09:00,Online,Completed,Italy,0,3.75
236,46,21,2024-07-23,05:45:00,Card,Completed,Indonesia,0,3.25
237,196,50,2021-06-30,16:17:00,Card,Completed,Brazil,0,3.25
238,188,24,2021-01-29,08:29:00,Mobile Wallet,Completed,Honduras,0,6.0
239,27,25,2023-10-28,09:55:00,Card,Completed,Australia,0,1.5
241,58,47,2021-09-26,12:30:00,Card,Completed,Brazil,0,4.5
242,164,17,2024-01-01,22:18:00,Cash,Completed,Brazil,1,1.5
243,107,29,2023-02-18,23:24:00,Card,Completed,Mexico,0,3.5
244,26,43,2023-12-02,03:34:00,Cash,Completed,Germany,0,3.5
245,30,7,2023-10-17,06:53:00,Card,Completed,Spain,0,3.75
248,13,7,2021-12-24,03:57:00,Mobile Wallet,Completed,Brazil,0,8.0
251,43,8,2021-09-29,20:09:00,Card,Completed,UK,1,3.5
252,47,40,2023-02-17,16:39:00,Cash,Completed,Spain,0,3.5
253,17,17,2024-09-03,19:40:00,Mobile Wallet,Completed,Kenya,5,4.5
254,172,22,2023-11-30,08:29:00,Mobile Wallet,Completed,Costa Rica,0,2.5
256,83,16,2022-11-09,08:01:00,Card,Completed,France,2,6.5
257,115,6,2023-10-18,00:36:00,Card,Completed,Spain,0,3.75
258,141,1,2021-07-06,19:11:00,Online,Completed,France,5,3.75
259,94,4,2022-04-02,03:53:00,Card,Completed,Kenya,0,6.0
260,91,41,2022-08-21,05:36:00,Card,Completed,Spain,0,2.5
261,157,13,2022-01-20,06:30:00,Mobile Wallet,Completed,Ethiopia,1,3.25
263,2,34,2021-04-10,17:21:00,Card,Completed,Indonesia,1,2.0
265,178,49,2022-05-24,04:33:00,Online,Completed,Germany,1,3.75
266,192,33,2022-09-05,06:51:00,Cash,Completed,Mexico,1,8.5
267,173,9,2024-08-24,12:01:00,Card,Completed,UK,0,8.5
268,171,46,2023-05-05,14:25:00,Mobile Wallet,Completed,Australia,0,4.5
269,98,10,2021-04-19,23:19:00,Card,Completed,Brazil,1,7.0
270,76,14,2024-01-14,23:03:00,Mobile Wallet,Completed,Kenya,1,2.5
272,176,21,2024-02-05,15:07:00,Mobile Wallet,Completed,Honduras,1,3.25
274,45,48,2023-11-19,04:26:00,Card,Completed,Guatemala,0,3.75
275,120,46,2021-11-14,21:20:00,Online,Completed,Mexico,0,2.0
276,147,36,2023-01-04,06:16:00,Mobile Wallet,Completed,Australia,0,4.5
277,140,35,2023-04-07,11:18:00,Card,Completed,India,5,3.25
279,30,25,2022-06-10,12:47:00,Card,Completed,Australia,0,4.5
280,12,19,2024-08-27,18:21:00,Cash,Completed,Colombia,0,2.5
281,162,50,2022-03-13,02:27:00,Card,Completed,Vietnam,0,5.75
282,184,22,2021-03-19,19:37:00,Card,Completed,Guatemala,0,3.75
283,116,41,2023-04-09,21:53:00,Card,Completed,Colombia,1,2.5
284,150,3,2021-05-29,10:17:00,Cash,Completed,Mexico,1,3.75
285,113,25,2023-03-21,18:37:00,Card,Completed,Vietnam,0,7.0
286,187,42,2023-02-04,20:21:00,Card,Completed,Canada,3,6.0
287,79,14,2022-12-06,06:16:00,Online,Completed,Guatemala,0,4.5
288,47,43,2024-03-07,22:55:00,Mobile Wallet,Completed,Ethiopia,0,9.0
289,149,32,2022-11-09,21:08:00,Cash,Completed,India,0,3.25
290,116,22,2024-06-16,12:26:00,Cash,Completed,Spain,0,3.5
291,81,16,2022-03-30,04:35:00,Cash,Completed,Peru,2,3.75
292,119,29,2023-01-05,20:42:00,Card,Completed,Guatemala,2,2.5
293,36,35,2022-02-07,00:38:00,Mobile Wallet,Completed,United States,2,2.5
294,149,26,2024-04-23,18:25:00,Card,Completed,Vietnam,0,3.75
295,58,50,2024-04-22,03:05:00,Card,Completed,Australia,0,3.75
296,62,40,2021-12-06,19:18:00,Card,Completed,Vietnam,1,3.5
297,124,23,2021-03-24,07:59:00,Card,Completed,India,0,2.5
298,93,25,2023-08-20,17:47:00,Mobile Wallet,Completed,Guatemala,2,7.0
301,36,29,2021-12-06,06:22:00,Cash,Completed,Germany,1,3.75
302,31,43,2022-04-17,16:20:00,Card,Completed,UK,0,2.5
303,106,2,2022-05-15,17:29:00,Cash,Completed,UK,0,3.5
304,43,17,2022-01-04,22:35:00,Card,Completed,Colombia,0,2.0
305,156,31,2023-09-14,19:53:00,Mobile Wallet,Completed,Indonesia,1,2.0
306,131,17,2021-12-10,02:20:00,Card,Completed,Costa Rica,0,3.75
309,95,3,2023-12-22,13:00:00,Online,Completed,UK,0,3.75
310,35,17,2023-09-05,18:33:00,Online,Completed,India,0,2.5
311,191,1,2024-03-29,23:28:00,Cash,Completed,Spain,0,3.25
312,40,28,2024-08-27,12:28:00,Card,Completed,Costa Rica,1,4.5
313,106,36,2024-02-16,10:28:00,Card,Completed,Costa Rica,1,4.5
314,169,8,2022-04-16,17:21:00,Cash,Completed,Peru,2,3.5
315,158,45,2021-04-17,04:57:00,Online,Completed,Germany,0,1.5
316,17,17,2022-03-31,13:40:00,Cash,Completed,Australia,0,6.5
317,153,4,2021-12-25,17:41:00,Card,Completed,Brazil,1,3.25
320,144,38,2022-12-14,06:38:00,Mobile Wallet,Completed,Costa Rica,0,3.25
321,67,12,2023-04-14,03:59:00,Cash,Completed,Guatemala,2,4.5
324,180,17,2022-05-24,06:05:00,Card,Completed,Honduras,0,4.0
326,64,40,2022-12-31,22:38:00,Card,Completed,United States,1,2.5
327,139,3,2023-09-15,16:45:00,Card,Completed,Australia,0,2.0
328,57,49,2024-03-27,18:27:00,Cash,Completed,Honduras,0,3.25
329,176,50,2021-12-24,23:31:00,Card,Completed,India,0,4.5
330,26,21,2023-01-11,09:11:00,Card,Completed,Germany,0,4.5
331,48,32,2023-05-19,13:40:00,Mobile Wallet,Completed,Indonesia,0,4.0
332,148,44,2022-04-14,05:06:00,Mobile Wallet,Completed,United States,0,6.5
334,177,11,2021-05-03,11:25:00,Card,Completed,Honduras,0,2.5
335,66,23,2021-02-10,19:39:00,Card,Completed,Canada,0,2.0
336,200,19,2022-12-29,13:00:00,Cash,Completed,France,1,3.75
337,38,11,2024-08-04,11:43:00,Card,Completed,Peru,1,4.5
338,182,18,2024-05-24,12:23:00,Card,Completed,Australia,5,3.75
339,106,11,2022-01-12,13:33:00,Card,Completed,Colombia,3,5.75
340,122,36,2021-04-21,21:05:00,Card,Completed,Costa Rica,0,2.5
341,64,48,2022-08-05,00:58:00,Card,Completed,Honduras,2,4.5
342,84,31,2023-08-15,23:48:00,Cash,Completed,UK,0,10.75
343,162,48,2024-07-26,07:45:00,Card,Completed,France,0,8.5
344,106,17,2021-11-15,16:00:00,Card,Completed,Italy,3,3.5
345,123,20,2021-01-19,00:14:00,Mobile Wallet,Completed,India,0,2.0
346,144,28,2023-03-20,07:31:00,Mobile Wallet,Completed,Spain,1,3.25
347,133,49,2024-06-09,14:05:00,Cash,Completed,Colombia,0,8.25
348,75,8,2024-07-28,10:56:00,Card,Completed,Brazil,5,2.0
349,6,12,2021-07-29,07:56:00,Card,Completed,United States,0,3.75
350,88,27,2022-10-01,01:04:00,Card,Completed,Vietnam,0,4.0
351,199,26,2021-05-27,00:25:00,Card,Completed,Kenya,0,3.75
352,114,16,2021-03-10,07:06:00,Mobile Wallet,Completed,Mexico,3,2.5
353,41,41,2021-03-28,21:47:00,Cash,Completed,Honduras,2,2.5
354,171,14,2021-08-20,09:25:00,Card,Completed,Costa Rica,1,1.5
355,3,3,2024-04-05,03:03:00,Card,Completed,Italy,0,2.0
356,159,22,2024-07-04,03:39:00,Card,Completed,Kenya,0,3.5
357,143,42,2022-12-13,04:35:00,Card,Completed,Brazil,0,6.5
358,113,36,2022-08-27,11:52:00,Card,Completed,France,0,2.0
359,154,36,2021-11-25,18:29:00,Card,Completed,United States,1,3.75
360,130,25,2022-01-15,02:09:00,Cash,Completed,Canada,2,7.25
361,49,34,2024-10-31,13:59:00,Cash,Completed,Ethiopia,0,2.0
362,169,5,2021-03-31,01:05:00,Card,Completed,Costa Rica,1,5.25
364,21,30,2024-08-01,01:59:00,Cash,Completed,Guatemala,0,3.25
365,188,5,2022-09-15,07:53:00,Card,Completed,India,0,4.5
366,169,16,2024-03-13,03:36:00,Card,Completed,UK,0,4.5
367,118,45,2024-09-24,17:13:00,Card,Completed,Indonesia,0,3.5
368,154,29,2022-12-23,14:41:00,Cash,Completed,Peru,1,7.25
369,145,35,2022-03-15,15:26:00,Cash,Completed,Costa Rica,0,3.75
370,9,19,2024-05-05,07:34:00,Card,Completed,Peru,0,3.75
371,177,18,2024-02-08,01:17:00,Cash,Completed,Vietnam,0,2.0
373,124,12,2023-09-27,10:15:00,Cash,Completed,UK,0,4.5
375,155,1,2024-07-22,10:53:00,Card,Completed,Vietnam,0,3.75
376,179,15,2021-11-10,20:18:00,Mobile Wallet,Completed,Colombia,0,6.5
377,75,26,2021-10-31,18:42:00,Card,Completed,Colombia,0,2.0
378,112,50,2021-09-25,22:15:00,Card,Completed,Canada,1,3.25
379,189,34,2022-05-20,19:39:00,Card,Completed,Spain,0,3.25
380,90,13,2022-10-19,11:56:00,Cash,Completed,France,1,3.75
381,113,3,2022-04-24,01:51:00,Card,Completed,Germany,3,2.5
382,74,1,2022-12-05,11:19:00,Card,Completed,Canada,0,3.75
383,140,34,2022-06-14,22:48:00,Cash,Completed,UK,3,3.5
384,135,3,2022-06-08,15:52:00,Card,Completed,United States,0,2.0
385,170,18,2024-09-19,12:59:00,Cash,Completed,Ethiopia,3,5.75
386,125,39,2023-12-25,00:44:00,Card,Completed,Australia,0,3.75
389,98,34,2024-10-20,19:33:00,Cash,Completed,Mexico,3,3.25
392,38,47,2021-03-02,10:21:00,Mobile Wallet,Completed,Guatemala,0,6.5
393,49,7,2021-09-27,20:40:00,Mobile Wallet,Completed,Kenya,0,2.0
394,60,44,2021-02-23,20:38:00,Cash,Completed,Honduras,0,3.75
396,172,13,2022-02-23,16:43:00,Online,Completed,France,2,3.75
397,110,26,2021-03-27,19:31:00,Mobile Wallet,Completed,Australia,1,4.0
398,181,3,2023-12-03,08:23:00,Card,Completed,Costa Rica,7,1.5
399,11,36,2023-03-05,15:00:00,Cash,Completed,Mexico,1,1.5
400,74,30,2021-12-07,04:51:00,Cash,Completed,France,0,1.5
401,129,8,2022-01-04,14:06:00,Online,Completed,United States,0,4.5
402,152,46,2022-02-18,04:13:00,Card,Completed,France,1,7.5
403,22,34,2023-02-26,12:55:00,Online,Completed,Brazil,1,4.0
404,86,37,2024-09-12,10:33:00,Card,Completed,France,0,5.0
405,47,8,2021-09-27,18:33:00,Card,Completed,Germany,2,7.5
406,61,14,2024-04-20,20:29:00,Card,Completed,Canada,0,3.75
407,161,36,2022-03-02,01:06:00,Card,Completed,Germany,0,4.0
408,23,4,2021-08-12,23:36:00,Card,Completed,UK,1,3.75
409,46,30,2024-03-31,12:56:00,Card,Completed,Spain,2,3.75
410,17,19,2023-08-23,14:07:00,Cash,Completed,India,1,3.75
411,28,37,2024-07-12,09:48:00,Card,Completed,Peru,0,4.0
413,50,1,2021-08-31,07:04:00,Cash,Completed,Spain,0,2.5
414,86,23,2024-02-22,10:30:00,Card,Completed,Canada,0,7.0
415,2,8,2022-11-14,05:59:00,Mobile Wallet,Completed,Peru,3,4.0
417,106,48,2021-04-25,23:23:00,Card,Completed,Honduras,0,5.5
418,39,18,2021-03-05,19:29:00,Card,Completed,Indonesia,0,4.5
419,193,20,2022-10-07,08:06:00,Card,Completed,Mexico,0,2.5
420,78,12,2021-08-18,15:08:00,Card,Completed,Italy,3,6.5
421,40,13,2022-11-28,03:21:00,Mobile Wallet,Completed,Australia,1,8.5
423,86,30,2021-04-05,10:39:00,Mobile Wallet,Completed,India,0,3.75
424,50,19,2022-07-21,05:22:00,Mobile Wallet,Completed,United States,5,2.5
425,144,33,2021-07-29,09:40:00,Card,Completed,Indonesia,0,4.0
426,157,22,2024-01-13,01:43:00,Card,Completed,Brazil,0,7.5
427,101,12,2024-05-05,06:45:00,Cash,Completed,Canada,0,7.5
428,194,49,2023-08-12,10:35:00,Card,Completed,France,0,3.75
429,58,10,2024-06-17,22:42:00,Card,Completed,Peru,0,3.5
430,8,5,2023-09-01,11:53:00,Card,Completed,Vietnam,0,3.5
431,104,46,2021-08-08,13:40:00,Cash,Completed,Kenya,1,3.75
432,141,11,2023-09-15,14:51:00,Card,Completed,Peru,0,2.0
433,61,12,2024-09-19,03:54:00,Mobile Wallet,Completed,France,0,2.0
434,25,29,2021-12-27,20:21:00,Card,Completed,Costa Rica,0,2.0
435,166,43,2021-05-06,21:42:00,Mobile Wallet,Completed,Vietnam,1,4.0
436,116,35,2022-08-20,10:48:00,Cash,Completed,Mexico,3,3.25
438,92,8,2022-08-01,13:51:00,Card,Completed,Canada,0,6.0
439,45,31,2021-10-12,05:15:00,Card,Completed,Vietnam,0,4.0
440,19,42,2021-02-02,04:38:00,Mobile Wallet,Completed,Spain,2,6.5
441,179,39,2023-05-22,15:21:00,Card,Completed,Kenya,0,3.25
442,155,1,2024-03-29,18:38:00,Mobile Wallet,Completed,Brazil,5,4.5
444,21,34,2024-06-03,18:24:00,Card,Completed,Mexico,1,2.5
445,88,35,2021-01-23,11:18:00,Cash,Completed,Mexico,0,3.75
446,10,45,2024-05-08,21:28:00,Mobile Wallet,Completed,Indonesia,0,2.0
447,169,19,2024-07-02,09:29:00,Card,Completed,Germany,0,3.5
448,66,1,2021-08-17,12:37:00,Online,Completed,Guatemala,1,3.5
449,61,32,2022-01-06,04:57:00,Mobile Wallet,Completed,Vietnam,2,8.0
450,193,27,2023-02-24,11:46:00,Card,Completed,Guatemala,1,3.5
451,30,4,2021-12-10,18:10:00,Card,Completed,Costa Rica,0,3.75
453,137,41,2022-12-26,08:42:00,Card,Completed,Costa Rica,0,7.5
454,173,48,2022-05-11,23:07:00,Cash,Completed,Indonesia,0,3.25
455,3,44,2021-01-18,09:40:00,Card,Completed,Brazil,0,6.25
456,24,4,2024-05-01,04:05:00,Mobile Wallet,Completed,Germany,0,2.0
457,169,49,2024-08-19,08:38:00,Online,Completed,Colombia,1,2.5
458,71,50,2023-05-25,02:31:00,Cash,Completed,Brazil,0,4.0
459,86,4,2022-06-13,06:05:00,Card,Completed,Ethiopia,0,7.0
460,197,28,2022-03-24,03:31:00,Card,Completed,Colombia,0,3.75
461,65,50,2023-07-03,22:41:00,Card,Completed,Vietnam,1,3.0
462,101,37,2021-01-08,13:47:00,Online,Completed,Colombia,0,3.75
463,1,25,2023-09-15,10:20:00,Cash,Completed,Colombia,0,4.0
465,100,7,2024-07-15,04:46:00,Card,Completed,United States,1,3.75
468,149,15,2021-05-28,21:06:00,Card,Completed,Vietnam,0,1.5
469,162,4,2022-09-22,03:37:00,Card,Completed,Germany,1,4.0
470,57,5,2022-02-20,23:21:00,Mobile Wallet,Completed,Vietnam,0,3.25
471,55,49,2021-04-04,14:10:00,Card,Completed,Honduras,0,2.5
472,113,16,2024-04-06,05:23:00,Card,Completed,Italy,0,2.0
473,2,12,2021-07-02,16:14:00,Cash,Completed,India,0,3.75
474,70,34,2023-07-12,20:21:00,Online,Completed,Italy,1,2.0
476,195,35,2023-11-06,06:36:00,Mobile Wallet,Completed,Vietnam,1,3.25
477,122,32,2021-12-28,09:43:00,Online,Completed,Guatemala,0,1.5
478,195,30,2021-03-30,00:59:00,Card,Completed,Ethiopia,0,4.5
479,61,47,2023-06-30,11:07:00,Card,Completed,Ethiopia,0,3.25
480,26,16,2023-04-25,14:52:00,Card,Completed,Germany,0,5.25
481,100,24,2021-10-07,06:54:00,Card,Completed,Brazil,1,8.0
482,16,18,2021-10-07,11:43:00,Card,Completed,Mexico,1,3.25
483,164,40,2021-12-15,17:48:00,Cash,Completed,India,0,3.25
484,119,18,2021-01-30,14:49:00,Mobile Wallet,Completed,UK,3,3.25
485,147,1,2023-05-06,23:46:00,Card,Completed,France,0,12.75
486,22,36,2021-01-26,10:05:00,Card,Completed,Colombia,0,3.25
487,172,20,2021-11-28,15:31:00,Mobile Wallet,Completed,Vietnam,2,2.0
488,104,12,2023-01-29,02:24:00,Mobile Wallet,Completed,Peru,0,1.5
489,76,28,2022-07-07,23:22:00,Cash,Completed,Peru,1,2.0
490,15,33,2024-10-13,21:07:00,Card,Completed,Honduras,0,3.25
491,144,46,2021-05-18,08:08:00,Mobile Wallet,Completed,Italy,1,7.0
492,193,38,2022-03-06,09:07:00,Mobile Wallet,Completed,Spain,0,4.0
493,17,24,2022-12-09,18:09:00,Cash,Completed,Canada,2,2.5
494,116,40,2023-01-24,15:37:00,Online,Completed,Costa Rica,2,2.5
495,74,5,2021-08-12,06:58:00,Card,Completed,United States,0,3.5
496,175,35,2021-09-28,02:08:00,Card,Completed,Kenya,2,1.5
497,134,42,2022-11-19,22:43:00,Card,Completed,Canada,0,4.0
498,78,37,2021-09-28,01:36:00,Card,Completed,Mexico,0,11.75
500,30,3,2022-10-11,19:11:00,Card,Completed,Peru,5,4.0
501,38,24,2023-07-08,00:51:00,Card,Completed,Italy,1,3.75
502,118,21,2021-11-16,10:05:00,Mobile Wallet,Completed,Mexico,5,4.5
503,194,37,2024-09-27,03:50:00,Cash,Completed,Brazil,0,3.75
504,142,8,2022-09-23,03:09:00,Cash,Completed,Germany,1,3.25
505,150,34,2022-03-31,18:22:00,Mobile Wallet,Completed,Colombia,5,3.25
506,101,13,2023-10-02,12:19:00,Cash,Completed,Spain,0,3.0
507,96,1,2022-08-06,02:59:00,Card,Completed,France,1,3.75
508,107,29,2022-08-15,14:08:00,Mobile Wallet,Completed,UK,0,3.25
509,37,14,2022-09-14,20:09:00,Mobile Wallet,Completed,Colombia,0,4.0
510,164,18,2023-04-29,04:40:00,Card,Completed,Costa Rica,0,2.0
511,126,3,2022-09-11,00:05:00,Card,Completed,Mexico,5,7.75
512,163,31,2021-09-12,23:28:00,Mobile Wallet,Completed,United States,0,3.25
513,71,32,2021-05-17,08:48:00,Card,Completed,Italy,5,3.75
514,31,24,2023-11-16,01:59:00,Card,Completed,France,2,3.75
515,35,23,2021-12-01,09:57:00,Card,Completed,Colombia,0,4.0
516,197,41,2022-01-11,10:47:00,Cash,Completed,Mexico,0,3.5
517,179,45,2023-01-13,17:41:00,Cash,Completed,Italy,0,3.5
518,42,7,2022-03-23,19:04:00,Card,Completed,Australia,2,3.25
519,183,36,2021-08-22,00:35:00,Online,Completed,Mexico,1,2.5
520,36,29,2024-05-08,00:58:00,Online,Completed,Ethiopia,0,3.5
521,178,10,2022-04-10,03:48:00,Card,Completed,Italy,1,2.5
523,171,1,2021-07-17,06:49:00,Online,Completed,Honduras,0,3.25
524,38,48,2022-07-23,19:27:00,Card,Completed,UK,1,5.5
526,151,12,2023-06-20,14:28:00,Card,Completed,Kenya,0,8.0
527,195,21,2021-09-11,09:50:00,Cash,Completed,Brazil,0,3.75
528,127,8,2023-02-28,15:09:00,Cash,Completed,Spain,0,3.75
529,110,13,2021-05-23,13:31:00,Mobile Wallet,Completed,Colombia,0,7.75
530,102,26,2024-04-24,20:18:00,Mobile Wallet,Completed,Costa Rica,0,6.75
532,155,26,2023-09-20,08:33:00,Card,Completed,Kenya,1,3.75
533,35,2,2021-07-23,06:06:00,Mobile Wallet,Completed,Peru,0,3.75
534,160,40,2021-07-17,15:54:00,Cash,Completed,Italy,0,4.5
535,67,35,2022-12-05,04:03:00,Cash,Completed,Peru,2,6.0
536,114,30,2021-03-15,05:36:00,Cash,Completed,Vietnam,0,3.75
537,100,32,2021-08-13,19:31:00,Card,Completed,Canada,2,4.5
538,130,4,2023-03-13,12:02:00,Cash,Completed,Mexico,0,3.25
539,8,38,2021-04-03,21:20:00,Card,Completed,Ethiopia,0,2.0
540,92,27,2022-12-21,20:13:00,Card,Completed,Colombia,2,3.25
541,30,22,2021-12-14,14:25:00,Card,Completed,Spain,0,3.75
542,179,31,2024-04-19,19:32:00,Card,Completed,Italy,0,2.0
543,173,14,2022-11-20,10:13:00,Mobile Wallet,Completed,Spain,0,4.0
544,163,5,2024-01-03,13:43:00,Card,Completed,Germany,1,7.5
545,24,46,2024-03-30,18:07:00,Card,Completed,India,0,2.5
546,20,42,2022-09-11,14:08:00,Card,Completed,Germany,0,4.5
547,172,49,2024-01-27,19:41:00,Card,Completed,France,0,4.5
548,164,35,2024-06-12,12:26:00,Online,Completed,Kenya,0,3.5
549,176,49,2022-09-07,09:47:00,Card,Completed,Guatemala,1,5.75
550,61,26,2022-05-04,10:35:00,Card,Completed,Canada,7,3.25
551,109,42,2021-03-17,09:28:00,Card,Completed,Indonesia,1,1.5
553,172,43,2021-07-04,19:29:00,Mobile Wallet,Completed,Ethiopia,0,3.5
554,149,50,2023-12-12,10:41:00,Mobile Wallet,Completed,UK,1,3.25
556,96,45,2021-08-20,04:56:00,Card,Completed,Honduras,2,6.5
557,6,42,2024-05-25,22:55:00,Mobile Wallet,Completed,Canada,0,1.5
559,194,16,2022-09-02,21:59:00,Mobile Wallet,Completed,Brazil,0,3.75
560,21,50,2023-10-04,03:25:00,Card,Completed,Guatemala,0,4.0
561,91,27,2024-05-18,00:56:00,Cash,Completed,Indonesia,1,4.0
562,165,9,2021-01-07,03:46:00,Cash,Completed,Australia,1,4.0
563,197,42,2021-09-24,23:27:00,Cash,Completed,Peru,1,7.5
564,51,6,2023-04-29,19:28:00,Card,Completed,United States,3,6.5
566,110,39,2022-06-17,04:00:00,Online,Completed,Australia,0,7.0
567,117,44,2023-10-10,09:05:00,Mobile Wallet,Completed,Italy,0,6.5
568,111,14,2024-05-13,13:56:00,Mobile Wallet,Completed,United States,0,3.25
569,68,16,2024-06-19,15:38:00,Card,Completed,Italy,0,2.0
570,83,45,2023-03-26,08:44:00,Mobile Wallet,Completed,Canada,0,3.25
571,86,16,2023-08-23,17:13:00,Online,Completed,Mexico,5,3.5
575,126,49,2021-11-06,05:04:00,Online,Completed,Indonesia,0,3.75
577,127,8,2021-10-31,05:44:00,Card,Completed,Guatemala,0,3.75
578,170,38,2022-03-11,06:09:00,Online,Completed,Colombia,0,4.5
579,128,44,2021-07-13,03:37:00,Card,Completed,Vietnam,0,6.5
580,118,46,2024-09-12,00:11:00,Cash,Completed,Brazil,1,3.75
581,116,21,2024-03-11,01:53:00,Mobile Wallet,Completed,Canada,5,3.75
582,98,6,2023-03-28,07:06:00,Card,Completed,Costa Rica,0,3.25
584,171,7,2023-01-23,19:13:00,Card,Completed,Colombia,1,3.25
585,95,40,2022-01-17,15:49:00,Card,Completed,Vietnam,3,1.5
586,135,41,2024-08-18,16:18:00,Card,Completed,Vietnam,1,3.25
587,77,16,2023-12-08,01:32:00,Cash,Completed,Australia,0,4.5
588,25,30,2024-09-15,02:47:00,Mobile Wallet,Completed,United States,0,4.0
589,170,30,2022-01-03,10:09:00,Mobile Wallet,Completed,France,1,1.5
590,116,40,2022-06-27,02:40:00,Online,Completed,Germany,0,3.5
591,173,7,2023-06-08,22:23:00,Card,Completed,Costa Rica,2,2.5
594,38,42,2022-05-11,10:16:00,Cash,Completed,Vietnam,0,4.5
595,6,8,2021-12-07,15:20:00,Mobile Wallet,Completed,India,0,11.25
596,101,4,2022-11-15,16:55:00,Cash,Completed,Germany,1,6.5
597,75,3,2023-09-26,16:39:00,Cash,Completed,Brazil,0,4.0
598,109,37,2022-10-09,03:59:00,Card,Completed,Honduras,0,3.25
599,112,2,2021-11-27,17:19:00,Card,Completed,Peru,3,4.0
600,184,43,2023-08-18,22:58:00,Card,Completed,Honduras,1,6.5
601,42,40,2022-03-01,06:48:00,Mobile Wallet,Completed,Italy,0,3.75
602,107,32,2022-09-14,08:54:00,Cash,Completed,Indonesia,0,1.5
603,129,3,2021-05-11,07:38:00,Card,Completed,Peru,1,3.25
604,197,3,2024-02-15,03:33:00,Card,Completed,France,1,4.5
605,194,8,2021-08-05,01:25:00,Cash,Completed,Indonesia,1,2.5
606,53,24,2021-11-18,03:23:00,Mobile Wallet,Completed,Honduras,0,4.5
607,36,8,2022-02-18,16:10:00,Card,Completed,Australia,0,1.5
608,69,24,2023-04-30,18:04:00,Cash,Completed,Kenya,0,3.5
609,110,27,2023-04-19,15:06:00,Online,Completed,United States,1,12.5
610,133,5,2021-06-23,13:25:00,Card,Completed,Vietnam,3,3.5
612,136,40,2021-10-28,21:18:00,Card,Completed,France,1,3.25
613,167,26,2022-02-09,18:27:00,Card,Completed,Colombia,0,8.0
614,80,34,2022-11-29,18:25:00,Card,Completed,Kenya,2,1.5
616,189,1,2023-07-18,21:25:00,Card,Completed,Germany,0,2.0
617,77,19,2024-09-27,17:44:00,Mobile Wallet,Completed,Ethiopia,0,3.5
618,150,13,2023-01-10,02:47:00,Card,Completed,Spain,2,3.25
619,122,14,2023-07-03,17:42:00,Cash,Completed,Guatemala,0,3.25
620,163,28,2023-06-21,04:55:00,Online,Completed,Italy,1,3.25
621,34,46,2023-11-18,19:04:00,Card,Completed,Ethiopia,1,4.75
622,105,8,2021-09-05,12:40:00,Card,Completed,Honduras,0,4.5
624,190,32,2021-01-05,19:33:00,Card,Completed,France,3,1.5
625,97,31,2024-05-25,22:46:00,Card,Completed,Peru,0,3.75
627,166,6,2021-12-06,04:13:00,Cash,Completed,Colombia,0,3.75
628,159,35,2024-03-27,16:14:00,Online,Completed,United States,0,4.5
629,137,12,2021-02-08,18:12:00,Card,Completed,Costa Rica,0,2.0
630,126,2,2022-11-28,08:46:00,Card,Completed,Ethiopia,0,4.5
631,74,10,2022-01-10,23:09:00,Card,Completed,Germany,5,7.5
632,47,2,2021-04-30,11:03:00,Card,Completed,Ethiopia,0,3.5
633,62,49,2024-05-07,03:55:00,Card,Completed,Peru,0,4.5
634,105,5,2023-09-19,20:00:00,Cash,Completed,Kenya,1,1.5
635,167,9,2022-09-16,04:51:00,Card,Completed,Indonesia,1,4.5
636,138,28,2024-02-11,21:11:00,Card,Completed,Indonesia,0,7.5
637,124,18,2024-05-09,07:15:00,Cash,Completed,Australia,0,4.0
638,42,48,2023-12-30,04:46:00,Card,Completed,Guatemala,2,3.25
640,154,22,2021-02-02,22:57:00,Card,Completed,Canada,2,4.5
641,181,32,2023-03-16,22:55:00,Mobile Wallet,Completed,Ethiopia,0,2.5
643,191,2,2022-07-30,20:56:00,Mobile Wallet,Completed,Kenya,0,3.25
645,72,37,2023-10-22,20:34:00,Cash,Completed,Colombia,0,2.0
646,191,5,2021-09-18,09:21:00,Cash,Completed,United States,7,3.25
647,178,44,2023-12-28,14:34:00,Cash,Completed,Brazil,2,3.75
648,83,28,2023-04-14,17:39:00,Cash,Completed,Kenya,0,3.75
649,108,35,2023-07-09,19:31:00,Card,Completed,Kenya,5,4.0
650,109,5,2022-05-27,03:18:00,Card,Completed,Spain,2,2.5
651,152,41,2022-11-16,11:23:00,Card,Completed,Kenya,3,7.75
653,178,5,2021-09-19,21:22:00,Mobile Wallet,Completed,Ethiopia,1,1.5
654,144,4,2022-08-27,22:31:00,Card,Completed,France,0,5.25
655,110,40,2024-06-22,11:12:00,Cash,Completed,Ethiopia,0,1.5
656,153,46,2021-05-19,17:22:00,Mobile Wallet,Completed,Spain,0,2.0
657,159,29,2022-01-16,19:57:00,Mobile Wallet,Completed,Honduras,0,1.5
658,139,50,2021-10-26,00:16:00,Card,Completed,Vietnam,0,4.0
659,130,36,2021-04-22,06:52:00,Card,Completed,Peru,0,3.25
660,122,45,2023-08-16,11:27:00,Card,Completed,Spain,0,2.0
661,27,30,2021-03-28,15:55:00,Online,Completed,Kenya,0,3.25
662,197,22,2023-02-09,02:31:00,Card,Completed,Canada,0,1.5
663,75,29,2022-02-03,01:00:00,Online,Completed,Mexico,0,4.0
664,68,47,2021-12-23,06:00:00,Cash,Completed,Ethiopia,0,3.5
665,174,9,2023-02-16,10:24:00,Mobile Wallet,Completed,Honduras,2,8.0
666,170,11,2023-12-16,04:27:00,Online,Completed,India,0,5.75
667,178,24,2022-10-14,21:01:00,Online,Completed,Canada,0,6.5
669,121,43,2024-06-13,17:42:00,Cash,Completed,Peru,1,4.5
671,54,15,2022-02-20,12:52:00,Card,Completed,Honduras,0,3.25
672,22,9,2021-06-22,15:52:00,Cash,Completed,Peru,0,3.25
673,120,28,2023-04-18,06:07:00,Card,Completed,Guatemala,1,3.75
674,92,6,2022-08-27,02:26:00,Cash,Completed,Canada,0,5.75
676,3,50,2022-09-06,19:47:00,Card,Completed,United States,0,6.5
677,132,49,2021-11-02,18:51:00,Card,Completed,France,0,7.75
679,148,9,2022-09-18,13:46:00,Card,Completed,Canada,0,7.25
680,151,2,2024-03-08,11:16:00,Online,Completed,Germany,3,7.0
681,147,26,2023-02-20,16:12:00,Card,Completed,UK,5,4.5
682,164,20,2021-07-10,23:31:00,Cash,Completed,United States,0,3.5
683,18,25,2022-08-05,01:57:00,Card,Completed,United States,0,4.5
684,106,26,2021-11-18,07:01:00,Card,Completed,Italy,0,9.0
686,103,39,2022-05-21,19:39:00,Online,Completed,Colombia,0,3.75
688,169,12,2024-03-10,05:23:00,Cash,Completed,Canada,0,1.5
689,18,45,2022-03-21,03:35:00,Card,Completed,Peru,0,8.5
690,43,17,2022-03-01,23:03:00,Card,Completed,Costa Rica,0,2.5
691,103,13,2023-03-24,15:50:00,Card,Completed,Colombia,0,3.5
692,169,16,2023-06-16,00:36:00,Mobile Wallet,Completed,Indonesia,0,3.5
693,137,48,2023-03-12,05:14:00,Cash,Completed,Indonesia,0,1.5
696,108,2,2021-01-30,03:17:00,Card,Completed,Indonesia,1,2.5
697,12,27,2023-11-16,21:19:00,Card,Completed,Canada,0,4.5
698,110,8,2022-04-21,22:19:00,Card,Completed,Costa Rica,0,3.5
699,57,5,2024-09-09,20:26:00,Cash,Completed,Ethiopia,1,7.25
700,146,11,2022-05-31,21:41:00,Cash,Completed,Peru,5,6.75
701,171,31,2021-05-19,17:26:00,Cash,Completed,Kenya,0,2.0
702,181,1,2022-04-22,14:37:00,Mobile Wallet,Completed,Germany,0,2.5
704,114,48,2022-11-05,14:09:00,Card,Completed,Mexico,1,1.5
707,37,14,2021-09-15,02:40:00,Cash,Completed,France,0,3.25
709,124,6,2023-01-07,20:48:00,Card,Completed,Vietnam,2,3.75
710,124,2,2023-02-21,05:12:00,Card,Completed,Indonesia,0,3.75
711,119,20,2023-07-18,04:39:00,Cash,Completed,India,0,3.75
712,49,1,2021-01-27,12:44:00,Mobile Wallet,Completed,Mexico,1,10.5
714,126,41,2023-01-25,08:16:00,Cash,Completed,Honduras,1,3.25
715,174,2,2024-09-25,05:01:00,Card,Completed,Germany,0,7.5
717,49,28,2021-12-06,13:03:00,Card,Completed,Spain,1,8.25
718,187,6,2021-08-12,09:10:00,Mobile Wallet,Completed,Costa Rica,1,4.0
719,2,11,2023-10-05,22:20:00,Card,Completed,Spain,0,3.25
720,96,12,2021-10-03,07:15:00,Card,Completed,Brazil,1,2.5
721,195,13,2022-06-16,02:55:00,Mobile Wallet,Completed,Guatemala,0,9.25
722,8,38,2022-04-26,09:04:00,Cash,Completed,United States,1,2.5
724,155,28,2022-11-21,12:19:00,Mobile Wallet,Completed,Costa Rica,1,4.0
725,92,22,2021-07-25,04:44:00,Mobile Wallet,Completed,Ethiopia,2,3.25
726,72,45,2022-05-25,22:32:00,Cash,Completed,Peru,0,3.75
727,93,3,2022-10-29,20:54:00,Card,Completed,Honduras,0,3.75
729,128,6,2022-09-10,16:27:00,Online,Completed,Kenya,0,11.25
731,66,43,2023-09-03,23:36:00,Cash,Completed,Kenya,3,10.75
733,58,17,2021-08-25,06:25:00,Card,Completed,Ethiopia,0,4.0
734,33,21,2023-02-18,06:28:00,Card,Completed,Spain,0,1.5
735,94,44,2021-09-16,00:18:00,Cash,Completed,France,0,3.25
736,76,15,2023-10-21,22:42:00,Card,Completed,Brazil,0,3.75
737,80,33,2021-09-10,07:21:00,Mobile Wallet,Completed,Costa Rica,0,2.0
739,169,11,2021-02-14,13:21:00,Card,Completed,Australia,1,7.5
742,192,13,2024-08-26,05:02:00,Mobile Wallet,Completed,Spain,1,2.0
743,44,4,2021-07-16,17:35:00,Card,Completed,UK,0,1.5
744,39,41,2023-04-08,23:28:00,Card,Completed,Indonesia,1,3.25
745,97,50,2024-10-05,22:17:00,Mobile Wallet,Completed,United States,0,3.25
747,191,7,2024-04-29,04:16:00,Card,Completed,Colombia,1,3.25
748,138,12,2023-04-11,17:42:00,Card,Completed,Canada,1,9.0
749,167,8,2022-03-01,15:15:00,Mobile Wallet,Completed,Ethiopia,0,7.0
750,148,14,2024-08-29,04:15:00,Cash,Completed,Honduras,5,1.5
751,44,28,2024-09-09,10:00:00,Card,Completed,France,0,9.0
752,126,45,2022-10-03,17:25:00,Online,Completed,Ethiopia,1,4.0
753,12,16,2021-03-17,20:33:00,Card,Completed,UK,0,6.5
754,33,47,2024-06-28,05:34:00,Cash,Completed,Colombia,3,3.75
755,174,28,2021-10-21,23:47:00,Card,Completed,Honduras,0,7.5
756,166,33,2024-05-23,14:48:00,Mobile Wallet,Completed,Germany,0,8.0
757,70,8,2023-12-25,03:02:00,Cash,Completed,Peru,1,2.5
758,38,15,2022-07-15,03:35:00,Card,Completed,Ethiopia,0,3.25
759,187,20,2024-04-20,18:49:00,Card,Completed,Ethiopia,2,6.5
760,44,21,2023-03-09,13:44:00,Mobile Wallet,Completed,Vietnam,0,4.5
762,64,44,2024-05-31,15:59:00,Card,Completed,Guatemala,5,7.5
763,134,46,2022-04-14,10:40:00,Mobile Wallet,Completed,Colombia,0,3.75
764,62,6,2021-12-05,16:49:00,Card,Completed,United States,5,3.75
765,109,44,2023-11-08,13:50:00,Card,Completed,India,3,8.25
767,11,39,2023-07-08,04:33:00,Cash,Completed,Brazil,0,12.5
768,98,11,2023-02-04,16:29:00,Card,Completed,India,0,5.75
771,3,7,2023-06-02,14:01:00,Card,Completed,Italy,0,4.5
772,197,43,2022-05-28,06:13:00,Card,Completed,Guatemala,0,3.75
773,113,43,2023-06-19,06:46:00,Card,Completed,Mexico,0,3.25
774,102,27,2022-11-10,16:41:00,Card,Completed,Vietnam,0,10.25
775,196,50,2023-03-30,03:40:00,Online,Completed,Vietnam,0,3.25
776,129,1,2022-04-30,00:16:00,Mobile Wallet,Completed,Mexico,0,6.5
777,22,49,2023-05-29,09:35:00,Card,Completed,Guatemala,7,4.5
778,64,43,2023-05-29,17:08:00,Mobile Wallet,Completed,India,7,2.5
780,52,6,2021-04-15,14:32:00,Cash,Completed,Australia,0,3.25
781,14,20,2021-08-14,08:25:00,Card,Completed,Brazil,0,4.0
782,1,4,2024-09-14,20:42:00,Card,Completed,Indonesia,0,3.75
783,126,24,2022-11-16,04:26:00,Card,Completed,Honduras,1,1.5
786,159,22,2022-09-10,05:14:00,Online,Completed,India,0,3.25
787,183,17,2024-02-22,02:18:00,Mobile Wallet,Completed,Australia,3,8.75
788,129,2,2021-12-08,19:19:00,Cash,Completed,India,1,3.5
789,102,32,2023-12-27,13:19:00,Online,Completed,Guatemala,0,8.0
790,1,11,2024-03-17,17:55:00,Cash,Completed,Kenya,0,4.5
791,69,36,2021-09-01,21:49:00,Card,Completed,Guatemala,3,3.25
792,70,4,2024-08-08,11:04:00,Online,Completed,Canada,0,8.75
793,35,27,2024-06-06,07:29:00,Online,Completed,Guatemala,0,1.5
795,114,15,2022-10-27,07:54:00,Cash,Completed,Spain,0,3.25
797,6,20,2021-11-30,08:22:00,Mobile Wallet,Completed,Costa Rica,0,5.5
798,135,9,2021-01-25,00:27:00,Card,Completed,Brazil,0,1.5
800,87,46,2021-06-24,05:34:00,Card,Completed,Italy,0,2.0
801,15,35,2022-07-02,10:07:00,Card,Completed,Spain,0,1.5
802,58,2,2022-04-10,23:21:00,Card,Completed,Ethiopia,0,3.75
804,110,34,2022-11-17,23:27:00,Cash,Completed,Mexico,0,3.5
805,27,18,2023-10-20,05:04:00,Online,Completed,Vietnam,0,2.5
807,91,21,2023-10-10,21:43:00,Cash,Completed,Kenya,0,3.25
808,141,32,2024-01-09,19:49:00,Cash,Completed,Australia,0,3.25
809,178,48,2022-03-26,00:35:00,Card,Completed,Italy,5,1.5
810,29,4,2022-12-17,04:55:00,Mobile Wallet,Completed,Canada,5,3.5
811,108,16,2022-03-08,00:53:00,Card,Completed,Spain,0,7.0
812,180,7,2024-09-19,01:01:00,Card,Completed,Vietnam,0,2.0
814,87,29,2024-08-13,21:55:00,Card,Completed,Indonesia,0,3.5
816,59,28,2021-11-18,04:16:00,Card,Completed,Costa Rica,1,6.5
817,57,26,2022-01-12,22:16:00,Online,Completed,Costa Rica,0,5.75
818,96,42,2023-05-19,11:27:00,Card,Completed,Mexico,0,2.5
819,28,5,2022-03-10,06:53:00,Mobile Wallet,Completed,Brazil,0,3.75
820,22,37,2024-03-02,10:44:00,Online,Completed,Mexico,0,3.75
821,92,49,2022-08-02,23:59:00,Cash,Completed,Peru,0,12.0
822,190,33,2021-07-26,13:02:00,Mobile Wallet,Completed,Brazil,0,1.5
823,39,44,2023-08-07,23:15:00,Cash,Completed,Indonesia,7,3.25
824,129,34,2024-05-31,04:28:00,Online,Completed,Honduras,1,4.0
825,111,3,2024-10-30,05:12:00,Card,Completed,Italy,0,2.0
826,4,10,2022-09-26,15:31:00,Online,Completed,Mexico,0,2.5
829,132,40,2022-10-05,23:17:00,Cash,Completed,Brazil,1,4.5
830,63,45,2024-02-23,19:27:00,Mobile Wallet,Completed,Colombia,0,3.75
831,119,43,2021-07-11,15:52:00,Card,Completed,Indonesia,1,9.0
832,102,50,2023-06-07,20:37:00,Card,Completed,Italy,0,4.0
834,93,28,2023-08-28,23:20:00,Card,Completed,Guatemala,1,3.0
835,22,10,2021-05-22,17:54:00,Card,Completed,Guatemala,0,3.75
836,14,6,2023-05-28,14:18:00,Mobile Wallet,Completed,Canada,1,3.5
837,42,45,2023-06-14,19:08:00,Cash,Completed,Germany,0,3.25
839,30,44,2023-04-13,04:17:00,Mobile Wallet,Completed,UK,0,7.5
840,56,48,2022-01-20,07:22:00,Cash,Completed,India,5,3.5
842,91,35,2023-05-23,15:39:00,Mobile Wallet,Completed,Indonesia,0,5.0
843,42,35,2023-06-12,23:57:00,Mobile Wallet,Completed,Ethiopia,7,3.25
845,129,38,2021-03-08,15:31:00,Mobile Wallet,Completed,Ethiopia,0,3.25
846,121,8,2022-12-20,12:47:00,Online,Completed,Australia,0,9.75
847,169,17,2022-09-22,14:09:00,Mobile Wallet,Completed,United States,0,6.25
848,96,34,2024-05-13,08:15:00,Card,Completed,Costa Rica,0,4.0
849,165,26,2021-04-16,05:55:00,Cash,Completed,Peru,0,13.5
850,112,15,2021-07-23,13:22:00,Card,Completed,Guatemala,2,2.5
851,41,21,2022-02-22,20:15:00,Card,Completed,Germany,1,1.5
852,21,37,2023-02-23,12:13:00,Mobile Wallet,Completed,Kenya,0,3.75
853,138,16,2023-02-14,04:54:00,Cash,Completed,UK,2,3.75
854,29,30,2024-05-05,03:10:00,Card,Completed,Honduras,3,3.75
855,54,26,2021-07-26,21:21:00,Card,Completed,Spain,0,2.5
856,81,41,2023-07-13,01:04:00,Card,Completed,Peru,7,5.0
857,124,40,2024-05-13,06:34:00,Card,Completed,Canada,0,7.5
858,132,49,2021-11-09,04:43:00,Card,Completed,Vietnam,0,3.25
859,124,13,2021-07-08,16:55:00,Cash,Completed,Costa Rica,3,3.75
860,65,12,2022-02-10,03:30:00,Mobile Wallet,Completed,UK,0,7.5
861,53,47,2023-09-27,10:52:00,Card,Completed,Germany,0,2.0
863,76,39,2024-08-14,14:39:00,Cash,Completed,Honduras,0,6.75
864,56,43,2023-02-01,23:29:00,Mobile Wallet,Completed,Peru,0,2.5
865,146,21,2022-04-22,07:25:00,Card,Completed,Guatemala,1,2.0
866,172,5,2024-03-21,01:41:00,Card,Completed,Italy,0,7.25
867,71,27,2021-09-02,08:04:00,Card,Completed,Mexico,0,4.0
869,5,5,2023-08-21,11:48:00,Mobile Wallet,Completed,Canada,1,3.75
872,23,13,2023-01-26,01:28:00,Cash,Completed,Mexico,0,4.5
873,85,45,2024-06-08,19:54:00,Card,Completed,Vietnam,0,7.0
874,38,49,2024-04-11,08:12:00,Online,Completed,Italy,5,5.75
875,83,50,2023-09-16,12:02:00,Card,Completed,Kenya,1,3.75
876,189,14,2021-06-09,07:22:00,Card,Completed,Costa Rica,0,3.25
877,27,22,2022-03-04,22:22:00,Mobile Wallet,Completed,Australia,0,8.25
878,34,15,2023-01-15,13:39:00,Card,Completed,Guatemala,0,2.0
879,176,20,2024-03-28,08:12:00,Card,Completed,France,0,2.5
880,8,31,2024-09-17,02:52:00,Card,Completed,India,0,5.0
881,129,28,2023-11-07,22:08:00,Card,Completed,Spain,0,4.0
882,49,26,2021-12-28,03:43:00,Cash,Completed,Kenya,5,3.75
883,57,8,2021-04-19,21:10:00,Cash,Completed,Costa Rica,0,5.75
884,26,15,2022-07-04,09:49:00,Card,Completed,Mexico,1,3.25
885,25,12,2023-10-28,23:15:00,Cash,Completed,Indonesia,0,7.0
887,3,39,2022-12-23,00:35:00,Cash,Completed,Mexico,2,7.5
888,135,33,2021-12-09,11:27:00,Mobile Wallet,Completed,Honduras,7,2.5
891,63,37,2023-06-02,12:53:00,Mobile Wallet,Completed,Guatemala,2,6.5
892,174,35,2023-07-10,09:25:00,Mobile Wallet,Completed,Brazil,0,10.75
893,180,22,2024-06-08,11:50:00,Mobile Wallet,Completed,United States,0,4.0
894,176,10,2023-08-14,22:40:00,Cash,Completed,Italy,0,3.75
895,76,1,2023-07-19,16:40:00,Card,Completed,Spain,0,2.0
896,1,4,2022-05-30,19:08:00,Mobile Wallet,Completed,Colombia,1,4.5
898,164,25,2023-05-16,20:22:00,Online,Completed,UK,0,7.5
899,83,38,2021-10-13,06:48:00,Card,Completed,Colombia,0,3.5
900,161,30,2024-01-23,17:58:00,Mobile Wallet,Completed,Peru,0,3.25
901,176,46,2023-01-03,15:44:00,Card,Completed,Canada,0,6.5
902,197,27,2021-07-01,19:48:00,Cash,Completed,Vietnam,1,3.75
903,145,19,2021-04-20,15:47:00,Card,Completed,Australia,0,3.25
904,14,6,2021-04-23,03:19:00,Online,Completed,UK,0,2.5
905,85,4,2021-09-06,17:37:00,Cash,Completed,Italy,0,1.5
906,173,41,2021-11-13,21:17:00,Card,Completed,Ethiopia,0,1.5
907,40,39,2021-09-05,17:15:00,Card,Completed,Brazil,3,2.5
908,77,26,2023-09-18,04:59:00,Mobile Wallet,Completed,Indonesia,0,8.5
909,191,43,2022-05-08,16:23:00,Mobile Wallet,Completed,Ethiopia,5,4.5
910,127,24,2024-09-29,14:30:00,Card,Completed,Mexico,0,2.5
912,118,18,2021-01-19,05:10:00,Card,Completed,UK,0,11.5
913,184,9,2022-07-25,22:01:00,Cash,Completed,Italy,1,3.25
915,104,5,2021-04-03,03:37:00,Mobile Wallet,Completed,Italy,0,3.25
917,30,3,2021-05-30,10:57:00,Card,Completed,France,0,3.0
918,164,37,2024-02-14,07:41:00,Card,Completed,Indonesia,0,3.75
920,146,35,2021-05-28,07:04:00,Cash,Completed,Italy,0,4.5
921,92,40,2024-02-19,19:25:00,Mobile Wallet,Completed,Australia,0,7.0
923,92,5,2021-11-20,17:04:00,Card,Completed,Germany,0,11.0
924,179,8,2024-04-08,01:06:00,Online,Completed,Guatemala,0,3.75
927,21,36,2023-09-08,22:11:00,Card,Completed,Italy,0,5.25
928,59,2,2021-04-24,12:56:00,Mobile Wallet,Completed,United States,0,3.25
929,14,25,2023-02-12,03:56:00,Card,Completed,Germany,7,3.25
930,95,23,2022-02-01,20:05:00,Online,Completed,Spain,1,3.25
931,138,37,2021-04-04,01:29:00,Card,Completed,Germany,1,9.5
932,63,19,2021-09-23,02:36:00,Card,Completed,Canada,0,2.5
934,69,21,2024-01-14,21:13:00,Card,Completed,Colombia,0,3.25
935,36,34,2022-04-18,04:50:00,Cash,Completed,Kenya,1,2.5
936,167,49,2023-07-19,02:53:00,Card,Completed,Germany,0,3.5
937,5,25,2023-02-27,14:42:00,Card,Completed,Mexico,0,3.25
938,196,23,2021-02-23,20:10:00,Mobile Wallet,Completed,United States,0,11.75
939,160,28,2023-05-26,18:53:00,Online,Completed,Mexico,2,1.5
940,137,30,2023-05-19,13:00:00,Cash,Completed,Kenya,0,4.5
941,4,18,2024-10-29,13:28:00,Card,Completed,Guatemala,0,7.0
942,169,17,2024-08-30,06:06:00,Cash,Completed,United States,0,6.5
944,142,21,2021-05-12,16:53:00,Card,Completed,Indonesia,0,3.75
945,159,42,2021-04-12,15:01:00,Cash,Completed,Brazil,0,3.5
946,59,4,2022-06-15,11:56:00,Card,Completed,Australia,0,5.5
948,156,24,2022-11-18,05:28:00,Mobile Wallet,Completed,Mexico,3,7.75
949,152,2,2021-08-06,17:20:00,Mobile Wallet,Completed,Honduras,3,4.5
950,97,38,2021-03-08,07:39:00,Card,Completed,UK,1,5.0
951,188,27,2024-01-09,20:43:00,Mobile Wallet,Completed,Australia,0,4.5
952,82,18,2022-02-04,10:44:00,Card,Completed,Ethiopia,1,7.25
953,114,47,2023-04-20,12:21:00,Card,Completed,Germany,0,4.5
954,108,15,2024-03-12,22:43:00,Online,Completed,Guatemala,1,7.75
956,117,1,2021-12-08,16:02:00,Card,Completed,Vietnam,2,4.5
957,111,2,2021-12-08,08:14:00,Card,Completed,Ethiopia,0,15.5
960,2,38,2024-04-29,06:01:00,Cash,Completed,UK,0,3.25
961,198,7,2022-04-21,17:55:00,Card,Completed,Spain,0,2.0
962,99,21,2022-01-01,21:00:00,Card,Completed,Honduras,0,7.0
964,171,18,2021-10-16,00:56:00,Cash,Completed,Brazil,5,4.5
966,114,34,2021-09-16,14:45:00,Card,Completed,Colombia,2,5.0
967,72,47,2024-10-01,07:35:00,Card,Completed,Peru,0,2.5
969,181,34,2022-10-13,21:24:00,Cash,Completed,Vietnam,0,3.0
970,57,44,2022-02-05,09:38:00,Card,Completed,Colombia,5,3.5
971,186,48,2022-03-15,06:04:00,Card,Completed,Guatemala,1,4.5
973,162,26,2024-05-09,09:48:00,Card,Completed,France,0,2.5
974,170,28,2021-08-26,13:35:00,Online,Completed,Italy,2,2.5
975,126,39,2023-04-24,13:57:00,Card,Completed,Peru,0,3.75
976,82,27,2023-03-13,07:28:00,Card,Completed,Brazil,0,11.25
977,105,15,2024-03-18,04:24:00,Cash,Completed,United States,5,7.0
978,6,25,2021-07-04,18:52:00,Card,Completed,Brazil,0,4.0
979,93,35,2022-02-11,11:18:00,Mobile Wallet,Completed,Canada,1,13.5
980,4,3,2021-02-11,16:33:00,Cash,Completed,Mexico,0,4.5
981,59,41,2022-05-22,04:28:00,Mobile Wallet,Completed,Guatemala,2,3.25
982,20,5,2023-10-31,18:29:00,Mobile Wallet,Completed,Vietnam,0,3.25
983,151,26,2022-02-02,15:39:00,Mobile Wallet,Completed,Guatemala,5,5.5
984,148,31,2023-02-11,16:29:00,Card,Completed,Canada,0,3.25
985,98,2,2023-10-15,15:26:00,Online,Completed,United States,0,4.5
987,54,32,2024-04-30,17:51:00,Card,Completed,UK,1,2.0
988,16,50,2023-10-08,01:14:00,Card,Completed,UK,0,4.0
989,2,18,2022-03-05,22:15:00,Mobile Wallet,Completed,France,1,4.5
990,132,36,2021-06-16,04:08:00,Card,Completed,France,2,4.0
991,30,3,2023-05-19,18:40:00,Cash,Completed,United States,0,4.5
992,112,19,2024-10-17,05:39:00,Card,Completed,Australia,1,4.0
994,184,31,2021-01-21,00:11:00,Card,Completed,India,0,3.75
995,25,35,2023-07-29,02:16:00,Card,Completed,Canada,2,3.75
997,169,13,2021-06-08,08:58:00,Card,Completed,Vietnam,1,3.25
998,151,42,2023-02-24,21:01:00,Mobile Wallet,Completed,Italy,0,2.0
1000,14,9,2023-11-14,08:13:00,Card,Completed,Costa Rica,1,8.25
