order_id,customer_id,store_id,order_date,order_time,payment_method,order_status,shipping_country,shipping_delay_days
1,110,44,2021-08-10,10:59:00,Online,Completed,Colombia,0
2,160,41,2024-04-13,15:29:00,Card,Completed,Spain,0
3,180,8,2024-09-02,07:47:00,Mobile Wallet,Completed,France,0
4,187,7,2022-10-03,23:26:00,Cash,Cancelled,Colombia,0
5,22,6,2023-06-04,20:01:00,Mobile Wallet,Pending,Canada,0
6,32,27,2022-12-26,20:29:00,Online,Completed,Ethiopia,0
7,55,10,2024-09-06,12:32:00,Mobile Wallet,Completed,Guatemala,0
8,110,36,2024-06-27,22:27:00,Cash,Completed,Guatemala,0
9,70,45,2022-09-25,02:22:00,Card,Completed,United States,0
10,136,14,2023-02-10,11:04:00,Card,Completed,UK,0
11,14,10,2021-11-19,22:35:00,Card,Completed,Germany,0
12,70,14,2023-11-16,20:14:00,Card,Completed,Mexico,0
13,102,39,2021-04-23,08:43:00,Card,Completed,Ethiopia,0
14,192,28,2021-12-26,22:48:00,Cash,Completed,Colombia,0
15,190,3,2023-06-13,19:34:00,Online,Completed,Spain,0
16,104,2,2022-10-28,12:21:00,Online,Completed,Ethiopia,0
17,151,26,2023-12-10,05:44:00,Mobile Wallet,Completed,Ethiopia,0
18,50,50,2022-12-17,04:59:00,Online,Completed,Indonesia,1
19,195,49,2024-09-04,19:14:00,Online,Completed,France,1
20,145,42,2024-07-25,20:11:00,Card,Completed,Australia,0
21,119,29,2021-03-19,03:04:00,Mobile Wallet,Completed,Australia,0
22,149,36,2021-03-26,16:14:00,Mobile Wallet,Completed,Brazil,0
23,88,46,2021-06-22,14:59:00,Card,Completed,Germany,0
24,96,19,2023-03-05,21:32:00,Card,Completed,Colombia,0
25,143,44,2023-03-03,11:22:00,Mobile Wallet,Completed,Vietnam,3
26,80,42,2024-09-18,12:51:00,Cash,Completed,Peru,2
27,172,45,2023-12-15,12:22:00,Cash,Completed,India,0
28,197,32,2022-01-29,03:27:00,Card,Completed,Canada,2
29,135,3,2024-09-17,05:15:00,Mobile Wallet,Completed,Germany,2
30,43,47,2023-06-16,20:50:00,Card,Completed,France,0
31,62,20,2023-08-19,13:02:00,Card,Completed,Spain,5
32,52,39,2021-10-11,17:36:00,Card,Returned,Mexico,0
33,42,18,2023-07-10,11:55:00,Card,Pending,Spain,0
34,129,24,2022-04-28,03:22:00,Card,Completed,Peru,1
35,36,3,2022-08-11,00:10:00,Card,Cancelled,United States,0
36,39,36,2024-05-31,04:09:00,Card,Completed,Spain,1
37,160,30,2021-05-09,21:34:00,Online,Completed,Kenya,1
38,75,28,2021-01-04,22:48:00,Card,Completed,Honduras,0
39,135,35,2023-11-06,16:02:00,Cash,Completed,Costa Rica,7
40,65,48,2021-02-03,21:26:00,Card,Completed,UK,1
41,86,9,2021-04-01,23:22:00,Card,Completed,Italy,1
42,35,5,2023-07-27,10:46:00,Card,Pending,Australia,0
43,140,31,2022-06-03,01:37:00,Cash,Returned,Peru,0
44,95,28,2023-03-31,06:22:00,Mobile Wallet,Completed,Italy,0
45,133,18,2021-06-19,06:09:00,Card,Completed,Peru,0
46,84,43,2022-08-29,15:09:00,Cash,Completed,Brazil,1
47,91,40,2023-06-10,21:45:00,Online,Completed,Australia,2
48,174,11,2021-03-05,02:17:00,Cash,Completed,Honduras,0
49,146,3,2024-05-24,02:37:00,Card,Completed,Australia,0
50,81,42,2022-07-25,13:12:00,Card,Cancelled,Ethiopia,0
51,67,46,2023-07-03,04:37:00,Cash,Returned,France,0
52,183,29,2021-06-29,09:54:00,Online,Returned,Indonesia,1
53,180,41,2021-12-23,04:44:00,Cash,Completed,Italy,0
54,142,37,2023-01-26,02:56:00,Online,Completed,Costa Rica,7
55,185,31,2023-12-13,10:49:00,Card,Completed,France,0
56,133,23,2021-09-20,01:53:00,Mobile Wallet,Completed,Australia,0
57,43,11,2022-10-23,21:40:00,Card,Pending,Guatemala,0
58,78,40,2023-12-29,05:15:00,Cash,Completed,Germany,1
59,155,22,2024-02-29,21:53:00,Mobile Wallet,Completed,Guatemala,1
60,197,37,2023-05-04,10:18:00,Card,Completed,Costa Rica,0
61,19,45,2021-05-03,20:42:00,Card,Completed,Peru,1
62,89,26,2021-09-25,15:55:00,Cash,Completed,France,0
63,25,4,2022-08-18,19:43:00,Mobile Wallet,Completed,India,1
64,128,33,2023-08-15,13:25:00,Card,Completed,Kenya,0
65,91,4,2021-04-14,00:16:00,Cash,Completed,Spain,0
66,68,47,2023-01-20,19:10:00,Card,Completed,Canada,0
67,99,33,2023-07-12,04:03:00,Card,Completed,Ethiopia,0
68,87,36,2023-01-19,01:22:00,Card,Completed,Vietnam,1
69,122,34,2023-07-25,20:55:00,Mobile Wallet,Completed,Costa Rica,7
70,190,20,2024-04-30,19:12:00,Mobile Wallet,Completed,United States,0
71,173,8,2023-05-04,09:03:00,Mobile Wallet,Pending,UK,0
72,185,4,2024-04-10,12:58:00,Cash,Completed,Kenya,0
73,180,8,2022-01-26,06:57:00,Card,Completed,Germany,3
74,189,47,2021-05-08,22:36:00,Cash,Completed,Costa Rica,0
75,45,30,2023-12-28,06:33:00,Card,Pending,Guatemala,0
76,58,20,2022-08-15,11:54:00,Cash,Completed,Guatemala,0
77,147,44,2024-01-18,04:59:00,Online,Completed,Mexico,5
78,21,23,2023-06-25,18:23:00,Mobile Wallet,Completed,Canada,1
79,36,7,2024-06-14,18:07:00,Card,Completed,Kenya,0
80,106,22,2023-08-26,05:23:00,Mobile Wallet,Completed,Italy,0
81,52,49,2022-08-12,07:55:00,Cash,Completed,Brazil,3
82,45,27,2021-12-27,09:52:00,Card,Returned,United States,0
83,155,7,2022-11-18,04:34:00,Online,Returned,France,0
84,29,22,2021-11-29,11:30:00,Cash,Completed,UK,1
85,50,12,2024-06-05,03:15:00,Mobile Wallet,Completed,Vietnam,0
86,64,1,2022-06-19,10:18:00,Card,Completed,UK,0
87,168,24,2022-04-29,23:25:00,Card,Completed,Mexico,1
88,164,19,2023-01-23,15:31:00,Card,Completed,Germany,0
89,180,36,2023-08-23,23:13:00,Mobile Wallet,Completed,Colombia,0
90,136,46,2023-01-11,17:15:00,Cash,Completed,Canada,0
91,84,34,2023-06-24,17:25:00,Card,Completed,Brazil,0
92,132,27,2023-07-25,13:30:00,Cash,Completed,United States,1
93,149,5,2021-04-03,02:21:00,Mobile Wallet,Pending,Italy,0
94,105,12,2021-10-05,13:03:00,Online,Completed,Costa Rica,0
95,175,43,2024-01-10,18:20:00,Mobile Wallet,Completed,Vietnam,1
96,58,1,2021-02-16,08:26:00,Card,Completed,Vietnam,0
97,186,49,2021-08-20,00:32:00,Cash,Completed,Colombia,0
98,9,29,2024-05-09,13:43:00,Mobile Wallet,Completed,Canada,0
99,199,4,2021-10-14,20:24:00,Card,Completed,Peru,0
100,37,43,2023-12-04,20:11:00,Card,Returned,Indonesia,1
101,110,36,2023-10-13,10:52:00,Card,Completed,Spain,0
102,97,12,2024-01-07,04:55:00,Mobile Wallet,Completed,Brazil,0
103,107,36,2023-12-22,02:41:00,Card,Cancelled,Honduras,0
104,186,13,2021-04-16,02:29:00,Cash,Completed,UK,1
105,144,14,2023-09-09,00:31:00,Online,Completed,India,5
106,31,48,2023-09-08,09:39:00,Cash,Completed,Canada,1
107,79,17,2023-01-07,16:01:00,Card,Completed,Peru,3
108,95,21,2023-04-28,18:53:00,Mobile Wallet,Pending,UK,1
109,76,10,2022-02-06,22:20:00,Card,Pending,Peru,0
110,126,47,2024-08-07,18:39:00,Card,Completed,Canada,7
111,16,34,2021-03-11,21:31:00,Card,Completed,Vietnam,0
112,130,30,2023-02-04,22:30:00,Cash,Completed,United States,0
113,106,1,2021-02-04,23:49:00,Card,Completed,Indonesia,0
114,25,34,2021-11-01,09:07:00,Cash,Completed,Colombia,0
115,104,30,2024-03-03,02:45:00,Cash,Completed,Brazil,0
116,98,25,2024-02-06,14:48:00,Cash,Completed,Peru,0
117,25,34,2021-03-29,01:35:00,Online,Cancelled,Guatemala,2
118,145,43,2021-03-09,20:02:00,Mobile Wallet,Completed,Costa Rica,3
119,77,11,2024-02-29,18:27:00,Mobile Wallet,Completed,Vietnam,1
120,177,47,2021-06-10,07:55:00,Online,Completed,Peru,1
121,158,39,2023-03-24,12:08:00,Card,Completed,Costa Rica,0
122,175,38,2024-09-15,02:30:00,Mobile Wallet,Completed,Vietnam,0
123,163,10,2023-03-09,15:10:00,Card,Completed,Guatemala,0
124,23,12,2023-06-02,03:03:00,Cash,Completed,Colombia,0
125,84,25,2021-01-26,19:05:00,Card,Cancelled,Kenya,0
126,44,44,2023-02-19,02:09:00,Card,Completed,Guatemala,0
127,124,5,2023-01-10,06:40:00,Card,Completed,Vietnam,0
128,102,22,2024-06-24,22:13:00,Mobile Wallet,Pending,Vietnam,0
129,155,45,2022-02-16,09:56:00,Card,Completed,Italy,5
130,63,21,2023-02-10,19:14:00,Mobile Wallet,Completed,Canada,0
131,197,36,2021-02-25,02:21:00,Card,Completed,Spain,1
132,36,41,2022-09-13,02:31:00,Cash,Completed,Germany,0
133,103,35,2023-11-04,18:19:00,Mobile Wallet,Completed,Colombia,0
134,64,43,2024-09-23,22:01:00,Cash,Completed,Costa Rica,5
135,85,28,2021-08-05,19:02:00,Card,Completed,UK,0
136,96,26,2023-08-07,00:50:00,Cash,Completed,Mexico,0
137,22,8,2021-10-18,11:53:00,Card,Completed,France,1
138,116,21,2021-05-18,11:42:00,Mobile Wallet,Completed,Indonesia,3
139,190,16,2023-11-23,15:46:00,Card,Completed,Costa Rica,1
140,48,41,2024-09-08,15:20:00,Card,Completed,Costa Rica,0
141,55,14,2022-07-25,18:19:00,Mobile Wallet,Completed,Peru,0
142,30,17,2024-10-05,03:53:00,Cash,Completed,France,1
143,173,46,2022-09-02,06:14:00,Cash,Completed,Vietnam,0
144,108,39,2021-10-10,23:40:00,Card,Cancelled,Indonesia,0
145,126,19,2021-10-15,12:15:00,Mobile Wallet,Pending,Italy,0
146,99,36,2023-11-02,15:09:00,Card,Completed,Colombia,0
147,195,15,2022-08-22,15:36:00,Card,Completed,Italy,0
148,29,37,2021-08-22,01:25:00,Cash,Completed,France,0
149,109,7,2024-08-31,11:53:00,Card,Returned,Colombia,0
150,31,50,2022-05-01,20:49:00,Mobile Wallet,Completed,Indonesia,1
151,53,14,2021-05-02,11:02:00,Cash,Pending,Mexico,0
152,69,33,2024-10-23,04:19:00,Card,Completed,Vietnam,0
153,183,21,2022-05-22,21:35:00,Cash,Completed,Spain,0
154,20,41,2021-07-10,16:39:00,Mobile Wallet,Completed,United States,2
155,188,6,2023-07-28,13:34:00,Cash,Completed,Spain,2
156,127,18,2022-10-24,23:17:00,Card,Completed,Brazil,0
157,118,2,2021-09-12,23:30:00,Card,Cancelled,Mexico,0
158,71,6,2024-09-02,21:21:00,Card,Completed,Kenya,0
159,24,46,2021-07-14,17:43:00,Card,Completed,United States,0
160,88,8,2023-05-15,03:29:00,Card,Completed,Honduras,2
161,36,25,2021-09-30,00:17:00,Cash,Completed,Indonesia,0
162,185,14,2024-07-10,07:24:00,Online,Completed,Ethiopia,0
163,32,38,2023-02-26,22:00:00,Card,Completed,Canada,1
164,185,39,2022-08-07,20:42:00,Cash,Completed,Costa Rica,0
165,14,16,2023-10-11,00:24:00,Card,Pending,Peru,0
166,146,27,2023-01-19,02:29:00,Card,Completed,Colombia,0
167,56,3,2021-05-04,14:27:00,Card,Completed,Colombia,1
168,138,40,2021-11-09,05:18:00,Card,Completed,Costa Rica,0
169,196,42,2024-10-26,08:08:00,Card,Completed,Colombia,3
170,30,30,2024-06-07,04:41:00,Card,Completed,Indonesia,0
171,89,34,2023-11-26,09:10:00,Mobile Wallet,Completed,Ethiopia,1
172,8,22,2023-05-30,16:56:00,Card,Completed,Honduras,0
173,146,11,2023-01-24,03:56:00,Mobile Wallet,Completed,Australia,0
174,4,16,2021-04-05,01:12:00,Card,Completed,Spain,0
175,64,27,2022-10-18,22:58:00,Card,Cancelled,Indonesia,0
176,133,3,2023-04-02,10:36:00,Card,Completed,Canada,0
177,95,13,2022-08-21,12:34:00,Card,Completed,Italy,7
178,199,13,2024-01-25,00:48:00,Card,Completed,Honduras,1
179,178,1,2022-11-18,18:05:00,Cash,Pending,Spain,0
180,16,10,2022-07-28,12:42:00,Online,Completed,Colombia,0
181,130,9,2024-07-29,08:54:00,Card,Returned,Costa Rica,1
182,189,21,2022-10-14,19:57:00,Card,Completed,Ethiopia,0
183,120,21,2023-04-13,15:48:00,Card,Completed,Ethiopia,0
184,176,20,2024-05-20,08:28:00,Mobile Wallet,Pending,Costa Rica,0
185,174,20,2022-06-17,08:31:00,Card,Completed,Ethiopia,2
186,36,8,2021-01-25,13:40:00,Mobile Wallet,Completed,Colombia,0
187,67,5,2021-02-14,15:44:00,Card,Completed,UK,0
188,186,26,2023-10-14,06:23:00,Cash,Completed,France,2
189,9,40,2024-06-22,18:47:00,Cash,Completed,Colombia,0
190,36,27,2022-02-13,18:33:00,Mobile Wallet,Completed,Costa Rica,1
191,92,31,2024-01-21,13:15:00,Card,Completed,United States,0
192,57,2,2022-07-30,19:56:00,Online,Pending,Indonesia,0
193,169,16,2022-06-30,07:29:00,Mobile Wallet,Completed,Costa Rica,0
194,45,12,2022-04-30,00:57:00,Mobile Wallet,Completed,Honduras,3
195,145,10,2024-02-28,03:04:00,Mobile Wallet,Completed,Germany,0
196,135,31,2021-01-02,06:03:00,Cash,Cancelled,Peru,0
197,38,38,2021-10-18,12:45:00,Mobile Wallet,Completed,Costa Rica,0
198,87,20,2022-10-23,16:37:00,Card,Completed,Indonesia,1
199,144,45,2024-06-10,12:54:00,Card,Completed,Mexico,0
200,187,1,2024-03-19,20:33:00,Online,Completed,Germany,0
201,145,7,2023-10-14,10:54:00,Mobile Wallet,Completed,Colombia,2
202,172,41,2022-11-19,11:57:00,Card,Completed,Ethiopia,1
203,13,25,2023-06-17,12:55:00,Online,Completed,Costa Rica,0
204,123,37,2024-08-26,01:08:00,Card,Completed,Peru,0
205,27,5,2022-12-02,03:10:00,Card,Completed,Germany,2
206,181,2,2023-06-03,06:29:00,Card,Completed,Canada,1
207,187,35,2022-06-28,19:30:00,Card,Completed,Italy,0
208,93,1,2023-05-26,03:18:00,Mobile Wallet,Completed,Indonesia,1
209,21,31,2021-08-25,09:02:00,Card,Completed,Canada,0
210,95,25,2023-01-27,07:43:00,Card,Completed,UK,0
211,193,45,2024-09-28,20:07:00,Cash,Completed,Brazil,2
212,134,27,2024-01-02,16:15:00,Online,Completed,Costa Rica,3
213,183,3,2023-10-26,21:10:00,Cash,Completed,France,0
214,43,14,2022-01-30,21:24:00,Card,Completed,Germany,0
215,187,5,2021-06-28,17:44:00,Card,Completed,United States,1
216,160,38,2023-12-07,20:04:00,Card,Completed,Ethiopia,3
217,145,50,2021-07-26,09:00:00,Mobile Wallet,Completed,Italy,0
218,122,3,2021-12-19,13:42:00,Card,Completed,Peru,1
219,13,48,2023-09-01,16:46:00,Mobile Wallet,Returned,Ethiopia,5
220,59,9,2022-09-08,03:02:00,Card,Completed,India,3
221,105,48,2023-09-20,05:25:00,Mobile Wallet,Completed,Australia,0
222,200,34,2024-03-10,08:30:00,Card,Completed,Brazil,3
223,181,13,2022-07-16,04:13:00,Card,Completed,Kenya,0
224,153,29,2021-12-30,08:49:00,Card,Completed,Colombia,0
225,99,4,2021-11-30,09:11:00,Mobile Wallet,Completed,Australia,0
226,200,50,2024-10-29,00:17:00,Online,Completed,Germany,2
227,79,46,2024-08-09,07:26:00,Mobile Wallet,Completed,Australia,2
228,102,38,2021-07-29,20:16:00,Online,Completed,Mexico,1
229,124,5,2022-11-20,01:56:00,Cash,Completed,Germany,0
230,82,44,2021-10-14,14:17:00,Cash,Completed,Brazil,0
231,147,13,2022-12-04,16:14:00,Card,Cancelled,Honduras,0
232,44,43,2024-02-18,19:04:00,Card,Completed,Indonesia,3
233,86,42,2021-07-02,11:18:00,Card,Completed,UK,0
234,31,31,2021-04-20,23:14:00,Cash,Completed,Mexico,0
235,39,9,2022-02-15,06:09:00,Online,Completed,Italy,0
236,46,21,2024-07-23,05:45:00,Card,Completed,Indonesia,0
237,196,50,2021-06-30,16:17:00,Card,Completed,Brazil,0
238,188,24,2021-01-29,08:29:00,Mobile Wallet,Completed,Honduras,0
239,27,25,2023-10-28,09:55:00,Card,Completed,Australia,0
240,87,28,2021-10-02,05:37:00,Online,Pending,Costa Rica,0
241,58,47,2021-09-26,12:30:00,Card,Completed,Brazil,0
242,164,17,2024-01-01,22:18:00,Cash,Completed,Brazil,1
243,107,29,2023-02-18,23:24:00,Card,Completed,Mexico,0
244,26,43,2023-12-02,03:34:00,Cash,Completed,Germany,0
245,30,7,2023-10-17,06:53:00,Card,Completed,Spain,0
246,11,36,2023-10-14,03:02:00,Cash,Cancelled,UK,1
247,39,6,2023-11-14,15:35:00,Mobile Wallet,Pending,Mexico,0
248,13,7,2021-12-24,03:57:00,Mobile Wallet,Completed,Brazil,0
249,36,43,2024-08-18,09:09:00,Card,Returned,Colombia,0
250,88,12,2021-08-22,23:32:00,Online,Returned,Spain,1
251,43,8,2021-09-29,20:09:00,Card,Completed,UK,1
252,47,40,2023-02-17,16:39:00,Cash,Completed,Spain,0
253,17,17,2024-09-03,19:40:00,Mobile Wallet,Completed,Kenya,5
254,172,22,2023-11-30,08:29:00,Mobile Wallet,Completed,Costa Rica,0
255,143,40,2021-04-22,16:55:00,Online,Returned,Colombia,1
256,83,16,2022-11-09,08:01:00,Card,Completed,France,2
257,115,6,2023-10-18,00:36:00,Card,Completed,Spain,0
258,141,1,2021-07-06,19:11:00,Online,Completed,France,5
259,94,4,2022-04-02,03:53:00,Card,Completed,Kenya,0
260,91,41,2022-08-21,05:36:00,Card,Completed,Spain,0
261,157,13,2022-01-20,06:30:00,Mobile Wallet,Completed,Ethiopia,1
262,12,41,2024-10-08,20:06:00,Mobile Wallet,Pending,Vietnam,5
263,2,34,2021-04-10,17:21:00,Card,Completed,Indonesia,1
264,45,47,2021-09-20,17:12:00,Cash,Returned,Spain,5
265,178,49,2022-05-24,04:33:00,Online,Completed,Germany,1
266,192,33,2022-09-05,06:51:00,Cash,Completed,Mexico,1
267,173,9,2024-08-24,12:01:00,Card,Completed,UK,0
268,171,46,2023-05-05,14:25:00,Mobile Wallet,Completed,Australia,0
269,98,10,2021-04-19,23:19:00,Card,Completed,Brazil,1
270,76,14,2024-01-14,23:03:00,Mobile Wallet,Completed,Kenya,1
271,144,25,2022-05-02,01:36:00,Mobile Wallet,Cancelled,Costa Rica,0
272,176,21,2024-02-05,15:07:00,Mobile Wallet,Completed,Honduras,1
273,140,48,2024-05-20,06:03:00,Mobile Wallet,Pending,Colombia,0
274,45,48,2023-11-19,04:26:00,Card,Completed,Guatemala,0
275,120,46,2021-11-14,21:20:00,Online,Completed,Mexico,0
276,147,36,2023-01-04,06:16:00,Mobile Wallet,Completed,Australia,0
277,140,35,2023-04-07,11:18:00,Card,Completed,India,5
278,159,34,2023-08-31,08:19:00,Mobile Wallet,Pending,Peru,0
279,30,25,2022-06-10,12:47:00,Card,Completed,Australia,0
280,12,19,2024-08-27,18:21:00,Cash,Completed,Colombia,0
281,162,50,2022-03-13,02:27:00,Card,Completed,Vietnam,0
282,184,22,2021-03-19,19:37:00,Card,Completed,Guatemala,0
283,116,41,2023-04-09,21:53:00,Card,Completed,Colombia,1
284,150,3,2021-05-29,10:17:00,Cash,Completed,Mexico,1
285,113,25,2023-03-21,18:37:00,Card,Completed,Vietnam,0
286,187,42,2023-02-04,20:21:00,Card,Completed,Canada,3
287,79,14,2022-12-06,06:16:00,Online,Completed,Guatemala,0
288,47,43,2024-03-07,22:55:00,Mobile Wallet,Completed,Ethiopia,0
289,149,32,2022-11-09,21:08:00,Cash,Completed,India,0
290,116,22,2024-06-16,12:26:00,Cash,Completed,Spain,0
291,81,16,2022-03-30,04:35:00,Cash,Completed,Peru,2
292,119,29,2023-01-05,20:42:00,Card,Completed,Guatemala,2
293,36,35,2022-02-07,00:38:00,Mobile Wallet,Completed,United States,2
294,149,26,2024-04-23,18:25:00,Card,Completed,Vietnam,0
295,58,50,2024-04-22,03:05:00,Card,Completed,Australia,0
296,62,40,2021-12-06,19:18:00,Card,Completed,Vietnam,1
297,124,23,2021-03-24,07:59:00,Card,Completed,India,0
298,93,25,2023-08-20,17:47:00,Mobile Wallet,Completed,Guatemala,2
299,68,38,2024-01-20,22:18:00,Card,Returned,Colombia,0
300,97,15,2023-11-24,16:27:00,Mobile Wallet,Returned,United States,0
301,36,29,2021-12-06,06:22:00,Cash,Completed,Germany,1
302,31,43,2022-04-17,16:20:00,Card,Completed,UK,0
303,106,2,2022-05-15,17:29:00,Cash,Completed,UK,0
304,43,17,2022-01-04,22:35:00,Card,Completed,Colombia,0
305,156,31,2023-09-14,19:53:00,Mobile Wallet,Completed,Indonesia,1
306,131,17,2021-12-10,02:20:00,Card,Completed,Costa Rica,0
307,5,13,2023-12-07,16:14:00,Cash,Cancelled,Germany,0
308,137,33,2021-08-29,00:02:00,Cash,Returned,Spain,0
309,95,3,2023-12-22,13:00:00,Online,Completed,UK,0
310,35,17,2023-09-05,18:33:00,Online,Completed,India,0
311,191,1,2024-03-29,23:28:00,Cash,Completed,Spain,0
312,40,28,2024-08-27,12:28:00,Card,Completed,Costa Rica,1
313,106,36,2024-02-16,10:28:00,Card,Completed,Costa Rica,1
314,169,8,2022-04-16,17:21:00,Cash,Completed,Peru,2
315,158,45,2021-04-17,04:57:00,Online,Completed,Germany,0
316,17,17,2022-03-31,13:40:00,Cash,Completed,Australia,0
317,153,4,2021-12-25,17:41:00,Card,Completed,Brazil,1
318,131,34,2022-04-20,00:00:00,Cash,Pending,Colombia,7
319,200,26,2022-12-25,02:20:00,Card,Cancelled,Canada,0
320,144,38,2022-12-14,06:38:00,Mobile Wallet,Completed,Costa Rica,0
321,67,12,2023-04-14,03:59:00,Cash,Completed,Guatemala,2
322,148,17,2023-06-26,20:01:00,Cash,Returned,Italy,0
323,18,25,2024-07-21,14:04:00,Card,Pending,Australia,0
324,180,17,2022-05-24,06:05:00,Card,Completed,Honduras,0
325,147,18,2022-01-10,08:15:00,Cash,Returned,India,0
326,64,40,2022-12-31,22:38:00,Card,Completed,United States,1
327,139,3,2023-09-15,16:45:00,Card,Completed,Australia,0
328,57,49,2024-03-27,18:27:00,Cash,Completed,Honduras,0
329,176,50,2021-12-24,23:31:00,Card,Completed,India,0
330,26,21,2023-01-11,09:11:00,Card,Completed,Germany,0
331,48,32,2023-05-19,13:40:00,Mobile Wallet,Completed,Indonesia,0
332,148,44,2022-04-14,05:06:00,Mobile Wallet,Completed,United States,0
333,128,9,2024-07-15,19:11:00,Mobile Wallet,Returned,Brazil,0
334,177,11,2021-05-03,11:25:00,Card,Completed,Honduras,0
335,66,23,2021-02-10,19:39:00,Card,Completed,Canada,0
336,200,19,2022-12-29,13:00:00,Cash,Completed,France,1
337,38,11,2024-08-04,11:43:00,Card,Completed,Peru,1
338,182,18,2024-05-24,12:23:00,Card,Completed,Australia,5
339,106,11,2022-01-12,13:33:00,Card,Completed,Colombia,3
340,122,36,2021-04-21,21:05:00,Card,Completed,Costa Rica,0
341,64,48,2022-08-05,00:58:00,Card,Completed,Honduras,2
342,84,31,2023-08-15,23:48:00,Cash,Completed,UK,0
343,162,48,2024-07-26,07:45:00,Card,Completed,France,0
344,106,17,2021-11-15,16:00:00,Card,Completed,Italy,3
345,123,20,2021-01-19,00:14:00,Mobile Wallet,Completed,India,0
346,144,28,2023-03-20,07:31:00,Mobile Wallet,Completed,Spain,1
347,133,49,2024-06-09,14:05:00,Cash,Completed,Colombia,0
348,75,8,2024-07-28,10:56:00,Card,Completed,Brazil,5
349,6,12,2021-07-29,07:56:00,Card,Completed,United States,0
350,88,27,2022-10-01,01:04:00,Card,Completed,Vietnam,0
351,199,26,2021-05-27,00:25:00,Card,Completed,Kenya,0
352,114,16,2021-03-10,07:06:00,Mobile Wallet,Completed,Mexico,3
353,41,41,2021-03-28,21:47:00,Cash,Completed,Honduras,2
354,171,14,2021-08-20,09:25:00,Card,Completed,Costa Rica,1
355,3,3,2024-04-05,03:03:00,Card,Completed,Italy,0
356,159,22,2024-07-04,03:39:00,Card,Completed,Kenya,0
357,143,42,2022-12-13,04:35:00,Card,Completed,Brazil,0
358,113,36,2022-08-27,11:52:00,Card,Completed,France,0
359,154,36,2021-11-25,18:29:00,Card,Completed,United States,1
360,130,25,2022-01-15,02:09:00,Cash,Completed,Canada,2
361,49,34,2024-10-31,13:59:00,Cash,Completed,Ethiopia,0
362,169,5,2021-03-31,01:05:00,Card,Completed,Costa Rica,1
363,135,40,2024-04-23,00:26:00,Card,Pending,India,1
364,21,30,2024-08-01,01:59:00,Cash,Completed,Guatemala,0
365,188,5,2022-09-15,07:53:00,Card,Completed,India,0
366,169,16,2024-03-13,03:36:00,Card,Completed,UK,0
367,118,45,2024-09-24,17:13:00,Card,Completed,Indonesia,0
368,154,29,2022-12-23,14:41:00,Cash,Completed,Peru,1
369,145,35,2022-03-15,15:26:00,Cash,Completed,Costa Rica,0
370,9,19,2024-05-05,07:34:00,Card,Completed,Peru,0
371,177,18,2024-02-08,01:17:00,Cash,Completed,Vietnam,0
372,94,38,2022-05-27,19:25:00,Mobile Wallet,Cancelled,Colombia,1
373,124,12,2023-09-27,10:15:00,Cash,Completed,UK,0
374,200,4,2022-11-16,04:06:00,Mobile Wallet,Returned,Kenya,1
375,155,1,2024-07-22,10:53:00,Card,Completed,Vietnam,0
376,179,15,2021-11-10,20:18:00,Mobile Wallet,Completed,Colombia,0
377,75,26,2021-10-31,18:42:00,Card,Completed,Colombia,0
378,112,50,2021-09-25,22:15:00,Card,Completed,Canada,1
379,189,34,2022-05-20,19:39:00,Card,Completed,Spain,0
380,90,13,2022-10-19,11:56:00,Cash,Completed,France,1
381,113,3,2022-04-24,01:51:00,Card,Completed,Germany,3
382,74,1,2022-12-05,11:19:00,Card,Completed,Canada,0
383,140,34,2022-06-14,22:48:00,Cash,Completed,UK,3
384,135,3,2022-06-08,15:52:00,Card,Completed,United States,0
385,170,18,2024-09-19,12:59:00,Cash,Completed,Ethiopia,3
386,125,39,2023-12-25,00:44:00,Card,Completed,Australia,0
387,126,26,2021-11-18,08:03:00,Cash,Pending,Australia,0
388,16,41,2022-06-12,11:39:00,Mobile Wallet,Returned,Vietnam,0
389,98,34,2024-10-20,19:33:00,Cash,Completed,Mexico,3
390,85,29,2024-01-16,06:54:00,Cash,Returned,Mexico,1
391,135,9,2023-05-31,18:11:00,Online,Pending,Ethiopia,0
392,38,47,2021-03-02,10:21:00,Mobile Wallet,Completed,Guatemala,0
393,49,7,2021-09-27,20:40:00,Mobile Wallet,Completed,Kenya,0
394,60,44,2021-02-23,20:38:00,Cash,Completed,Honduras,0
395,100,32,2023-08-29,00:30:00,Card,Cancelled,Spain,0
396,172,13,2022-02-23,16:43:00,Online,Completed,France,2
397,110,26,2021-03-27,19:31:00,Mobile Wallet,Completed,Australia,1
398,181,3,2023-12-03,08:23:00,Card,Completed,Costa Rica,7
399,11,36,2023-03-05,15:00:00,Cash,Completed,Mexico,1
400,74,30,2021-12-07,04:51:00,Cash,Completed,France,0
401,129,8,2022-01-04,14:06:00,Online,Completed,United States,0
402,152,46,2022-02-18,04:13:00,Card,Completed,France,1
403,22,34,2023-02-26,12:55:00,Online,Completed,Brazil,1
404,86,37,2024-09-12,10:33:00,Card,Completed,France,0
405,47,8,2021-09-27,18:33:00,Card,Completed,Germany,2
406,61,14,2024-04-20,20:29:00,Card,Completed,Canada,0
407,161,36,2022-03-02,01:06:00,Card,Completed,Germany,0
408,23,4,2021-08-12,23:36:00,Card,Completed,UK,1
409,46,30,2024-03-31,12:56:00,Card,Completed,Spain,2
410,17,19,2023-08-23,14:07:00,Cash,Completed,India,1
411,28,37,2024-07-12,09:48:00,Card,Completed,Peru,0
412,148,40,2022-12-26,06:08:00,Cash,Returned,Kenya,1
413,50,1,2021-08-31,07:04:00,Cash,Completed,Spain,0
414,86,23,2024-02-22,10:30:00,Card,Completed,Canada,0
415,2,8,2022-11-14,05:59:00,Mobile Wallet,Completed,Peru,3
416,123,31,2021-03-14,18:19:00,Card,Returned,France,1
417,106,48,2021-04-25,23:23:00,Card,Completed,Honduras,0
418,39,18,2021-03-05,19:29:00,Card,Completed,Indonesia,0
419,193,20,2022-10-07,08:06:00,Card,Completed,Mexico,0
420,78,12,2021-08-18,15:08:00,Card,Completed,Italy,3
421,40,13,2022-11-28,03:21:00,Mobile Wallet,Completed,Australia,1
422,34,14,2021-03-16,10:36:00,Mobile Wallet,Pending,Germany,2
423,86,30,2021-04-05,10:39:00,Mobile Wallet,Completed,India,0
424,50,19,2022-07-21,05:22:00,Mobile Wallet,Completed,United States,5
425,144,33,2021-07-29,09:40:00,Card,Completed,Indonesia,0
426,157,22,2024-01-13,01:43:00,Card,Completed,Brazil,0
427,101,12,2024-05-05,06:45:00,Cash,Completed,Canada,0
428,194,49,2023-08-12,10:35:00,Card,Completed,France,0
429,58,10,2024-06-17,22:42:00,Card,Completed,Peru,0
430,8,5,2023-09-01,11:53:00,Card,Completed,Vietnam,0
431,104,46,2021-08-08,13:40:00,Cash,Completed,Kenya,1
432,141,11,2023-09-15,14:51:00,Card,Completed,Peru,0
433,61,12,2024-09-19,03:54:00,Mobile Wallet,Completed,France,0
434,25,29,2021-12-27,20:21:00,Card,Completed,Costa Rica,0
435,166,43,2021-05-06,21:42:00,Mobile Wallet,Completed,Vietnam,1
436,116,35,2022-08-20,10:48:00,Cash,Completed,Mexico,3
437,112,46,2022-12-07,18:44:00,Cash,Pending,United States,1
438,92,8,2022-08-01,13:51:00,Card,Completed,Canada,0
439,45,31,2021-10-12,05:15:00,Card,Completed,Vietnam,0
440,19,42,2021-02-02,04:38:00,Mobile Wallet,Completed,Spain,2
441,179,39,2023-05-22,15:21:00,Card,Completed,Kenya,0
442,155,1,2024-03-29,18:38:00,Mobile Wallet,Completed,Brazil,5
443,146,31,2023-01-25,17:58:00,Card,Pending,Guatemala,0
444,21,34,2024-06-03,18:24:00,Card,Completed,Mexico,1
445,88,35,2021-01-23,11:18:00,Cash,Completed,Mexico,0
446,10,45,2024-05-08,21:28:00,Mobile Wallet,Completed,Indonesia,0
447,169,19,2024-07-02,09:29:00,Card,Completed,Germany,0
448,66,1,2021-08-17,12:37:00,Online,Completed,Guatemala,1
449,61,32,2022-01-06,04:57:00,Mobile Wallet,Completed,Vietnam,2
450,193,27,2023-02-24,11:46:00,Card,Completed,Guatemala,1
451,30,4,2021-12-10,18:10:00,Card,Completed,Costa Rica,0
452,38,34,2023-06-10,10:46:00,Online,Pending,Brazil,0
453,137,41,2022-12-26,08:42:00,Card,Completed,Costa Rica,0
454,173,48,2022-05-11,23:07:00,Cash,Completed,Indonesia,0
455,3,44,2021-01-18,09:40:00,Card,Completed,Brazil,0
456,24,4,2024-05-01,04:05:00,Mobile Wallet,Completed,Germany,0
457,169,49,2024-08-19,08:38:00,Online,Completed,Colombia,1
458,71,50,2023-05-25,02:31:00,Cash,Completed,Brazil,0
459,86,4,2022-06-13,06:05:00,Card,Completed,Ethiopia,0
460,197,28,2022-03-24,03:31:00,Card,Completed,Colombia,0
461,65,50,2023-07-03,22:41:00,Card,Completed,Vietnam,1
462,101,37,2021-01-08,13:47:00,Online,Completed,Colombia,0
463,1,25,2023-09-15,10:20:00,Cash,Completed,Colombia,0
464,88,6,2023-07-31,01:20:00,Card,Pending,India,0
465,100,7,2024-07-15,04:46:00,Card,Completed,United States,1
466,152,16,2023-09-29,15:20:00,Mobile Wallet,Pending,United States,0
467,15,22,2021-03-29,23:08:00,Card,Returned,Canada,0
468,149,15,2021-05-28,21:06:00,Card,Completed,Vietnam,0
469,162,4,2022-09-22,03:37:00,Card,Completed,Germany,1
470,57,5,2022-02-20,23:21:00,Mobile Wallet,Completed,Vietnam,0
471,55,49,2021-04-04,14:10:00,Card,Completed,Honduras,0
472,113,16,2024-04-06,05:23:00,Card,Completed,Italy,0
473,2,12,2021-07-02,16:14:00,Cash,Completed,India,0
474,70,34,2023-07-12,20:21:00,Online,Completed,Italy,1
475,23,41,2022-09-09,18:05:00,Card,Pending,Germany,0
476,195,35,2023-11-06,06:36:00,Mobile Wallet,Completed,Vietnam,1
477,122,32,2021-12-28,09:43:00,Online,Completed,Guatemala,0
478,195,30,2021-03-30,00:59:00,Card,Completed,Ethiopia,0
479,61,47,2023-06-30,11:07:00,Card,Completed,Ethiopia,0
480,26,16,2023-04-25,14:52:00,Card,Completed,Germany,0
481,100,24,2021-10-07,06:54:00,Card,Completed,Brazil,1
482,16,18,2021-10-07,11:43:00,Card,Completed,Mexico,1
483,164,40,2021-12-15,17:48:00,Cash,Completed,India,0
484,119,18,2021-01-30,14:49:00,Mobile Wallet,Completed,UK,3
485,147,1,2023-05-06,23:46:00,Card,Completed,France,0
486,22,36,2021-01-26,10:05:00,Card,Completed,Colombia,0
487,172,20,2021-11-28,15:31:00,Mobile Wallet,Completed,Vietnam,2
488,104,12,2023-01-29,02:24:00,Mobile Wallet,Completed,Peru,0
489,76,28,2022-07-07,23:22:00,Cash,Completed,Peru,1
490,15,33,2024-10-13,21:07:00,Card,Completed,Honduras,0
491,144,46,2021-05-18,08:08:00,Mobile Wallet,Completed,Italy,1
492,193,38,2022-03-06,09:07:00,Mobile Wallet,Completed,Spain,0
493,17,24,2022-12-09,18:09:00,Cash,Completed,Canada,2
494,116,40,2023-01-24,15:37:00,Online,Completed,Costa Rica,2
495,74,5,2021-08-12,06:58:00,Card,Completed,United States,0
496,175,35,2021-09-28,02:08:00,Card,Completed,Kenya,2
497,134,42,2022-11-19,22:43:00,Card,Completed,Canada,0
498,78,37,2021-09-28,01:36:00,Card,Completed,Mexico,0
499,43,40,2021-11-26,23:38:00,Card,Cancelled,Vietnam,0
500,30,3,2022-10-11,19:11:00,Card,Completed,Peru,5
501,38,24,2023-07-08,00:51:00,Card,Completed,Italy,1
502,118,21,2021-11-16,10:05:00,Mobile Wallet,Completed,Mexico,5
503,194,37,2024-09-27,03:50:00,Cash,Completed,Brazil,0
504,142,8,2022-09-23,03:09:00,Cash,Completed,Germany,1
505,150,34,2022-03-31,18:22:00,Mobile Wallet,Completed,Colombia,5
506,101,13,2023-10-02,12:19:00,Cash,Completed,Spain,0
507,96,1,2022-08-06,02:59:00,Card,Completed,France,1
508,107,29,2022-08-15,14:08:00,Mobile Wallet,Completed,UK,0
509,37,14,2022-09-14,20:09:00,Mobile Wallet,Completed,Colombia,0
510,164,18,2023-04-29,04:40:00,Card,Completed,Costa Rica,0
511,126,3,2022-09-11,00:05:00,Card,Completed,Mexico,5
512,163,31,2021-09-12,23:28:00,Mobile Wallet,Completed,United States,0
513,71,32,2021-05-17,08:48:00,Card,Completed,Italy,5
514,31,24,2023-11-16,01:59:00,Card,Completed,France,2
515,35,23,2021-12-01,09:57:00,Card,Completed,Colombia,0
516,197,41,2022-01-11,10:47:00,Cash,Completed,Mexico,0
517,179,45,2023-01-13,17:41:00,Cash,Completed,Italy,0
518,42,7,2022-03-23,19:04:00,Card,Completed,Australia,2
519,183,36,2021-08-22,00:35:00,Online,Completed,Mexico,1
520,36,29,2024-05-08,00:58:00,Online,Completed,Ethiopia,0
521,178,10,2022-04-10,03:48:00,Card,Completed,Italy,1
522,11,13,2021-08-09,04:03:00,Cash,Cancelled,Brazil,0
523,171,1,2021-07-17,06:49:00,Online,Completed,Honduras,0
524,38,48,2022-07-23,19:27:00,Card,Completed,UK,1
525,136,14,2022-01-28,17:12:00,Card,Returned,Italy,0
526,151,12,2023-06-20,14:28:00,Card,Completed,Kenya,0
527,195,21,2021-09-11,09:50:00,Cash,Completed,Brazil,0
528,127,8,2023-02-28,15:09:00,Cash,Completed,Spain,0
529,110,13,2021-05-23,13:31:00,Mobile Wallet,Completed,Colombia,0
530,102,26,2024-04-24,20:18:00,Mobile Wallet,Completed,Costa Rica,0
531,109,47,2023-10-20,21:58:00,Mobile Wallet,Pending,Honduras,0
532,155,26,2023-09-20,08:33:00,Card,Completed,Kenya,1
533,35,2,2021-07-23,06:06:00,Mobile Wallet,Completed,Peru,0
534,160,40,2021-07-17,15:54:00,Cash,Completed,Italy,0
535,67,35,2022-12-05,04:03:00,Cash,Completed,Peru,2
536,114,30,2021-03-15,05:36:00,Cash,Completed,Vietnam,0
537,100,32,2021-08-13,19:31:00,Card,Completed,Canada,2
538,130,4,2023-03-13,12:02:00,Cash,Completed,Mexico,0
539,8,38,2021-04-03,21:20:00,Card,Completed,Ethiopia,0
540,92,27,2022-12-21,20:13:00,Card,Completed,Colombia,2
541,30,22,2021-12-14,14:25:00,Card,Completed,Spain,0
542,179,31,2024-04-19,19:32:00,Card,Completed,Italy,0
543,173,14,2022-11-20,10:13:00,Mobile Wallet,Completed,Spain,0
544,163,5,2024-01-03,13:43:00,Card,Completed,Germany,1
545,24,46,2024-03-30,18:07:00,Card,Completed,India,0
546,20,42,2022-09-11,14:08:00,Card,Completed,Germany,0
547,172,49,2024-01-27,19:41:00,Card,Completed,France,0
548,164,35,2024-06-12,12:26:00,Online,Completed,Kenya,0
549,176,49,2022-09-07,09:47:00,Card,Completed,Guatemala,1
550,61,26,2022-05-04,10:35:00,Card,Completed,Canada,7
551,109,42,2021-03-17,09:28:00,Card,Completed,Indonesia,1
552,11,47,2023-09-23,10:10:00,Card,Returned,Spain,2
553,172,43,2021-07-04,19:29:00,Mobile Wallet,Completed,Ethiopia,0
554,149,50,2023-12-12,10:41:00,Mobile Wallet,Completed,UK,1
555,192,48,2022-04-29,08:40:00,Card,Returned,Brazil,0
556,96,45,2021-08-20,04:56:00,Card,Completed,Honduras,2
557,6,42,2024-05-25,22:55:00,Mobile Wallet,Completed,Canada,0
558,164,45,2023-01-14,13:24:00,Cash,Cancelled,Guatemala,0
559,194,16,2022-09-02,21:59:00,Mobile Wallet,Completed,Brazil,0
560,21,50,2023-10-04,03:25:00,Card,Completed,Guatemala,0
561,91,27,2024-05-18,00:56:00,Cash,Completed,Indonesia,1
562,165,9,2021-01-07,03:46:00,Cash,Completed,Australia,1
563,197,42,2021-09-24,23:27:00,Cash,Completed,Peru,1
564,51,6,2023-04-29,19:28:00,Card,Completed,United States,3
565,166,40,2024-07-07,23:56:00,Card,Returned,Brazil,0
566,110,39,2022-06-17,04:00:00,Online,Completed,Australia,0
567,117,44,2023-10-10,09:05:00,Mobile Wallet,Completed,Italy,0
568,111,14,2024-05-13,13:56:00,Mobile Wallet,Completed,United States,0
569,68,16,2024-06-19,15:38:00,Card,Completed,Italy,0
570,83,45,2023-03-26,08:44:00,Mobile Wallet,Completed,Canada,0
571,86,16,2023-08-23,17:13:00,Online,Completed,Mexico,5
572,172,24,2021-09-28,11:34:00,Cash,Returned,Vietnam,0
573,182,34,2023-06-06,17:02:00,Card,Returned,Guatemala,1
574,111,19,2022-06-24,14:52:00,Mobile Wallet,Returned,Peru,1
575,126,49,2021-11-06,05:04:00,Online,Completed,Indonesia,0
576,67,11,2023-08-15,12:10:00,Online,Pending,Canada,0
577,127,8,2021-10-31,05:44:00,Card,Completed,Guatemala,0
578,170,38,2022-03-11,06:09:00,Online,Completed,Colombia,0
579,128,44,2021-07-13,03:37:00,Card,Completed,Vietnam,0
580,118,46,2024-09-12,00:11:00,Cash,Completed,Brazil,1
581,116,21,2024-03-11,01:53:00,Mobile Wallet,Completed,Canada,5
582,98,6,2023-03-28,07:06:00,Card,Completed,Costa Rica,0
583,193,42,2021-11-12,10:35:00,Card,Cancelled,Germany,0
584,171,7,2023-01-23,19:13:00,Card,Completed,Colombia,1
585,95,40,2022-01-17,15:49:00,Card,Completed,Vietnam,3
586,135,41,2024-08-18,16:18:00,Card,Completed,Vietnam,1
587,77,16,2023-12-08,01:32:00,Cash,Completed,Australia,0
588,25,30,2024-09-15,02:47:00,Mobile Wallet,Completed,United States,0
589,170,30,2022-01-03,10:09:00,Mobile Wallet,Completed,France,1
590,116,40,2022-06-27,02:40:00,Online,Completed,Germany,0
591,173,7,2023-06-08,22:23:00,Card,Completed,Costa Rica,2
592,191,39,2023-09-24,22:59:00,Mobile Wallet,Pending,Costa Rica,2
593,23,9,2021-10-04,06:25:00,Card,Returned,India,0
594,38,42,2022-05-11,10:16:00,Cash,Completed,Vietnam,0
595,6,8,2021-12-07,15:20:00,Mobile Wallet,Completed,India,0
596,101,4,2022-11-15,16:55:00,Cash,Completed,Germany,1
597,75,3,2023-09-26,16:39:00,Cash,Completed,Brazil,0
598,109,37,2022-10-09,03:59:00,Card,Completed,Honduras,0
599,112,2,2021-11-27,17:19:00,Card,Completed,Peru,3
600,184,43,2023-08-18,22:58:00,Card,Completed,Honduras,1
601,42,40,2022-03-01,06:48:00,Mobile Wallet,Completed,Italy,0
602,107,32,2022-09-14,08:54:00,Cash,Completed,Indonesia,0
603,129,3,2021-05-11,07:38:00,Card,Completed,Peru,1
604,197,3,2024-02-15,03:33:00,Card,Completed,France,1
605,194,8,2021-08-05,01:25:00,Cash,Completed,Indonesia,1
606,53,24,2021-11-18,03:23:00,Mobile Wallet,Completed,Honduras,0
607,36,8,2022-02-18,16:10:00,Card,Completed,Australia,0
608,69,24,2023-04-30,18:04:00,Cash,Completed,Kenya,0
609,110,27,2023-04-19,15:06:00,Online,Completed,United States,1
610,133,5,2021-06-23,13:25:00,Card,Completed,Vietnam,3
611,15,41,2024-09-14,10:42:00,Online,Cancelled,United States,2
612,136,40,2021-10-28,21:18:00,Card,Completed,France,1
613,167,26,2022-02-09,18:27:00,Card,Completed,Colombia,0
614,80,34,2022-11-29,18:25:00,Card,Completed,Kenya,2
615,78,47,2023-05-16,22:13:00,Card,Pending,France,0
616,189,1,2023-07-18,21:25:00,Card,Completed,Germany,0
617,77,19,2024-09-27,17:44:00,Mobile Wallet,Completed,Ethiopia,0
618,150,13,2023-01-10,02:47:00,Card,Completed,Spain,2
619,122,14,2023-07-03,17:42:00,Cash,Completed,Guatemala,0
620,163,28,2023-06-21,04:55:00,Online,Completed,Italy,1
621,34,46,2023-11-18,19:04:00,Card,Completed,Ethiopia,1
622,105,8,2021-09-05,12:40:00,Card,Completed,Honduras,0
623,125,2,2021-10-20,10:24:00,Cash,Returned,India,0
624,190,32,2021-01-05,19:33:00,Card,Completed,France,3
625,97,31,2024-05-25,22:46:00,Card,Completed,Peru,0
626,160,43,2024-07-01,01:33:00,Card,Pending,France,1
627,166,6,2021-12-06,04:13:00,Cash,Completed,Colombia,0
628,159,35,2024-03-27,16:14:00,Online,Completed,United States,0
629,137,12,2021-02-08,18:12:00,Card,Completed,Costa Rica,0
630,126,2,2022-11-28,08:46:00,Card,Completed,Ethiopia,0
631,74,10,2022-01-10,23:09:00,Card,Completed,Germany,5
632,47,2,2021-04-30,11:03:00,Card,Completed,Ethiopia,0
633,62,49,2024-05-07,03:55:00,Card,Completed,Peru,0
634,105,5,2023-09-19,20:00:00,Cash,Completed,Kenya,1
635,167,9,2022-09-16,04:51:00,Card,Completed,Indonesia,1
636,138,28,2024-02-11,21:11:00,Card,Completed,Indonesia,0
637,124,18,2024-05-09,07:15:00,Cash,Completed,Australia,0
638,42,48,2023-12-30,04:46:00,Card,Completed,Guatemala,2
639,54,40,2023-10-31,22:36:00,Card,Pending,Peru,0
640,154,22,2021-02-02,22:57:00,Card,Completed,Canada,2
641,181,32,2023-03-16,22:55:00,Mobile Wallet,Completed,Ethiopia,0
642,97,39,2023-01-04,12:38:00,Mobile Wallet,Pending,France,0
643,191,2,2022-07-30,20:56:00,Mobile Wallet,Completed,Kenya,0
644,127,24,2021-03-17,06:41:00,Online,Pending,Costa Rica,0
645,72,37,2023-10-22,20:34:00,Cash,Completed,Colombia,0
646,191,5,2021-09-18,09:21:00,Cash,Completed,United States,7
647,178,44,2023-12-28,14:34:00,Cash,Completed,Brazil,2
648,83,28,2023-04-14,17:39:00,Cash,Completed,Kenya,0
649,108,35,2023-07-09,19:31:00,Card,Completed,Kenya,5
650,109,5,2022-05-27,03:18:00,Card,Completed,Spain,2
651,152,41,2022-11-16,11:23:00,Card,Completed,Kenya,3
652,199,39,2024-06-22,02:55:00,Card,Pending,Brazil,0
653,178,5,2021-09-19,21:22:00,Mobile Wallet,Completed,Ethiopia,1
654,144,4,2022-08-27,22:31:00,Card,Completed,France,0
655,110,40,2024-06-22,11:12:00,Cash,Completed,Ethiopia,0
656,153,46,2021-05-19,17:22:00,Mobile Wallet,Completed,Spain,0
657,159,29,2022-01-16,19:57:00,Mobile Wallet,Completed,Honduras,0
658,139,50,2021-10-26,00:16:00,Card,Completed,Vietnam,0
659,130,36,2021-04-22,06:52:00,Card,Completed,Peru,0
660,122,45,2023-08-16,11:27:00,Card,Completed,Spain,0
661,27,30,2021-03-28,15:55:00,Online,Completed,Kenya,0
662,197,22,2023-02-09,02:31:00,Card,Completed,Canada,0
663,75,29,2022-02-03,01:00:00,Online,Completed,Mexico,0
664,68,47,2021-12-23,06:00:00,Cash,Completed,Ethiopia,0
665,174,9,2023-02-16,10:24:00,Mobile Wallet,Completed,Honduras,2
666,170,11,2023-12-16,04:27:00,Online,Completed,India,0
667,178,24,2022-10-14,21:01:00,Online,Completed,Canada,0
668,39,21,2022-05-22,19:56:00,Mobile Wallet,Returned,India,1
669,121,43,2024-06-13,17:42:00,Cash,Completed,Peru,1
670,135,45,2023-09-17,21:46:00,Card,Cancelled,UK,1
671,54,15,2022-02-20,12:52:00,Card,Completed,Honduras,0
672,22,9,2021-06-22,15:52:00,Cash,Completed,Peru,0
673,120,28,2023-04-18,06:07:00,Card,Completed,Guatemala,1
674,92,6,2022-08-27,02:26:00,Cash,Completed,Canada,0
675,51,44,2022-11-06,20:37:00,Mobile Wallet,Pending,Canada,3
676,3,50,2022-09-06,19:47:00,Card,Completed,United States,0
677,132,49,2021-11-02,18:51:00,Card,Completed,France,0
678,22,21,2022-01-20,15:21:00,Online,Returned,United States,0
679,148,9,2022-09-18,13:46:00,Card,Completed,Canada,0
680,151,2,2024-03-08,11:16:00,Online,Completed,Germany,3
681,147,26,2023-02-20,16:12:00,Card,Completed,UK,5
682,164,20,2021-07-10,23:31:00,Cash,Completed,United States,0
683,18,25,2022-08-05,01:57:00,Card,Completed,United States,0
684,106,26,2021-11-18,07:01:00,Card,Completed,Italy,0
685,148,20,2024-04-18,00:15:00,Mobile Wallet,Pending,France,0
686,103,39,2022-05-21,19:39:00,Online,Completed,Colombia,0
687,117,23,2022-09-02,06:07:00,Mobile Wallet,Returned,Spain,0
688,169,12,2024-03-10,05:23:00,Cash,Completed,Canada,0
689,18,45,2022-03-21,03:35:00,Card,Completed,Peru,0
690,43,17,2022-03-01,23:03:00,Card,Completed,Costa Rica,0
691,103,13,2023-03-24,15:50:00,Card,Completed,Colombia,0
692,169,16,2023-06-16,00:36:00,Mobile Wallet,Completed,Indonesia,0
693,137,48,2023-03-12,05:14:00,Cash,Completed,Indonesia,0
694,9,44,2023-12-27,22:31:00,Cash,Returned,Costa Rica,1
695,114,4,2024-05-10,12:47:00,Mobile Wallet,Cancelled,India,0
696,108,2,2021-01-30,03:17:00,Card,Completed,Indonesia,1
697,12,27,2023-11-16,21:19:00,Card,Completed,Canada,0
698,110,8,2022-04-21,22:19:00,Card,Completed,Costa Rica,0
699,57,5,2024-09-09,20:26:00,Cash,Completed,Ethiopia,1
700,146,11,2022-05-31,21:41:00,Cash,Completed,Peru,5
701,171,31,2021-05-19,17:26:00,Cash,Completed,Kenya,0
702,181,1,2022-04-22,14:37:00,Mobile Wallet,Completed,Germany,0
703,36,24,2023-10-19,08:07:00,Card,Cancelled,Germany,7
704,114,48,2022-11-05,14:09:00,Card,Completed,Mexico,1
705,59,47,2022-11-10,22:41:00,Card,Pending,Kenya,1
706,98,34,2022-10-21,02:23:00,Cash,Pending,Brazil,1
707,37,14,2021-09-15,02:40:00,Cash,Completed,France,0
708,185,13,2022-05-17,15:18:00,Cash,Pending,India,0
709,124,6,2023-01-07,20:48:00,Card,Completed,Vietnam,2
710,124,2,2023-02-21,05:12:00,Card,Completed,Indonesia,0
711,119,20,2023-07-18,04:39:00,Cash,Completed,India,0
712,49,1,2021-01-27,12:44:00,Mobile Wallet,Completed,Mexico,1
713,151,5,2023-04-18,14:53:00,Online,Pending,Honduras,0
714,126,41,2023-01-25,08:16:00,Cash,Completed,Honduras,1
715,174,2,2024-09-25,05:01:00,Card,Completed,Germany,0
716,170,11,2021-01-26,20:00:00,Card,Pending,Colombia,0
717,49,28,2021-12-06,13:03:00,Card,Completed,Spain,1
718,187,6,2021-08-12,09:10:00,Mobile Wallet,Completed,Costa Rica,1
719,2,11,2023-10-05,22:20:00,Card,Completed,Spain,0
720,96,12,2021-10-03,07:15:00,Card,Completed,Brazil,1
721,195,13,2022-06-16,02:55:00,Mobile Wallet,Completed,Guatemala,0
722,8,38,2022-04-26,09:04:00,Cash,Completed,United States,1
723,11,7,2022-03-09,09:04:00,Card,Pending,Italy,1
724,155,28,2022-11-21,12:19:00,Mobile Wallet,Completed,Costa Rica,1
725,92,22,2021-07-25,04:44:00,Mobile Wallet,Completed,Ethiopia,2
726,72,45,2022-05-25,22:32:00,Cash,Completed,Peru,0
727,93,3,2022-10-29,20:54:00,Card,Completed,Honduras,0
728,122,43,2021-07-25,17:45:00,Card,Returned,Australia,0
729,128,6,2022-09-10,16:27:00,Online,Completed,Kenya,0
730,44,49,2024-09-13,11:08:00,Card,Cancelled,Guatemala,0
731,66,43,2023-09-03,23:36:00,Cash,Completed,Kenya,3
732,197,39,2021-05-13,19:10:00,Card,Pending,Spain,2
733,58,17,2021-08-25,06:25:00,Card,Completed,Ethiopia,0
734,33,21,2023-02-18,06:28:00,Card,Completed,Spain,0
735,94,44,2021-09-16,00:18:00,Cash,Completed,France,0
736,76,15,2023-10-21,22:42:00,Card,Completed,Brazil,0
737,80,33,2021-09-10,07:21:00,Mobile Wallet,Completed,Costa Rica,0
738,86,10,2022-03-08,06:06:00,Online,Returned,Costa Rica,0
739,169,11,2021-02-14,13:21:00,Card,Completed,Australia,1
740,73,45,2022-02-04,19:48:00,Cash,Returned,Brazil,2
741,182,20,2023-07-27,09:56:00,Cash,Returned,India,0
742,192,13,2024-08-26,05:02:00,Mobile Wallet,Completed,Spain,1
743,44,4,2021-07-16,17:35:00,Card,Completed,UK,0
744,39,41,2023-04-08,23:28:00,Card,Completed,Indonesia,1
745,97,50,2024-10-05,22:17:00,Mobile Wallet,Completed,United States,0
746,22,8,2023-09-29,19:33:00,Online,Pending,Italy,0
747,191,7,2024-04-29,04:16:00,Card,Completed,Colombia,1
748,138,12,2023-04-11,17:42:00,Card,Completed,Canada,1
749,167,8,2022-03-01,15:15:00,Mobile Wallet,Completed,Ethiopia,0
750,148,14,2024-08-29,04:15:00,Cash,Completed,Honduras,5
751,44,28,2024-09-09,10:00:00,Card,Completed,France,0
752,126,45,2022-10-03,17:25:00,Online,Completed,Ethiopia,1
753,12,16,2021-03-17,20:33:00,Card,Completed,UK,0
754,33,47,2024-06-28,05:34:00,Cash,Completed,Colombia,3
755,174,28,2021-10-21,23:47:00,Card,Completed,Honduras,0
756,166,33,2024-05-23,14:48:00,Mobile Wallet,Completed,Germany,0
757,70,8,2023-12-25,03:02:00,Cash,Completed,Peru,1
758,38,15,2022-07-15,03:35:00,Card,Completed,Ethiopia,0
759,187,20,2024-04-20,18:49:00,Card,Completed,Ethiopia,2
760,44,21,2023-03-09,13:44:00,Mobile Wallet,Completed,Vietnam,0
761,176,33,2021-11-15,01:48:00,Card,Cancelled,Honduras,1
762,64,44,2024-05-31,15:59:00,Card,Completed,Guatemala,5
763,134,46,2022-04-14,10:40:00,Mobile Wallet,Completed,Colombia,0
764,62,6,2021-12-05,16:49:00,Card,Completed,United States,5
765,109,44,2023-11-08,13:50:00,Card,Completed,India,3
766,191,1,2023-05-21,22:34:00,Mobile Wallet,Pending,Australia,1
767,11,39,2023-07-08,04:33:00,Cash,Completed,Brazil,0
768,98,11,2023-02-04,16:29:00,Card,Completed,India,0
769,162,37,2023-03-18,01:12:00,Card,Pending,Germany,2
770,15,23,2021-01-13,11:56:00,Card,Returned,Indonesia,0
771,3,7,2023-06-02,14:01:00,Card,Completed,Italy,0
772,197,43,2022-05-28,06:13:00,Card,Completed,Guatemala,0
773,113,43,2023-06-19,06:46:00,Card,Completed,Mexico,0
774,102,27,2022-11-10,16:41:00,Card,Completed,Vietnam,0
775,196,50,2023-03-30,03:40:00,Online,Completed,Vietnam,0
776,129,1,2022-04-30,00:16:00,Mobile Wallet,Completed,Mexico,0
777,22,49,2023-05-29,09:35:00,Card,Completed,Guatemala,7
778,64,43,2023-05-29,17:08:00,Mobile Wallet,Completed,India,7
779,152,41,2024-07-23,06:33:00,Card,Cancelled,Spain,0
780,52,6,2021-04-15,14:32:00,Cash,Completed,Australia,0
781,14,20,2021-08-14,08:25:00,Card,Completed,Brazil,0
782,1,4,2024-09-14,20:42:00,Card,Completed,Indonesia,0
783,126,24,2022-11-16,04:26:00,Card,Completed,Honduras,1
784,151,34,2024-05-23,02:58:00,Cash,Returned,Vietnam,1
785,155,8,2021-03-26,15:12:00,Online,Cancelled,Colombia,3
786,159,22,2022-09-10,05:14:00,Online,Completed,India,0
787,183,17,2024-02-22,02:18:00,Mobile Wallet,Completed,Australia,3
788,129,2,2021-12-08,19:19:00,Cash,Completed,India,1
789,102,32,2023-12-27,13:19:00,Online,Completed,Guatemala,0
790,1,11,2024-03-17,17:55:00,Cash,Completed,Kenya,0
791,69,36,2021-09-01,21:49:00,Card,Completed,Guatemala,3
792,70,4,2024-08-08,11:04:00,Online,Completed,Canada,0
793,35,27,2024-06-06,07:29:00,Online,Completed,Guatemala,0
794,5,35,2024-09-08,08:47:00,Mobile Wallet,Returned,Germany,0
795,114,15,2022-10-27,07:54:00,Cash,Completed,Spain,0
796,123,6,2023-10-13,16:44:00,Card,Pending,Indonesia,1
797,6,20,2021-11-30,08:22:00,Mobile Wallet,Completed,Costa Rica,0
798,135,9,2021-01-25,00:27:00,Card,Completed,Brazil,0
799,198,6,2022-07-03,00:19:00,Cash,Pending,Ethiopia,0
800,87,46,2021-06-24,05:34:00,Card,Completed,Italy,0
801,15,35,2022-07-02,10:07:00,Card,Completed,Spain,0
802,58,2,2022-04-10,23:21:00,Card,Completed,Ethiopia,0
803,29,15,2021-07-28,02:53:00,Card,Returned,Germany,0
804,110,34,2022-11-17,23:27:00,Cash,Completed,Mexico,0
805,27,18,2023-10-20,05:04:00,Online,Completed,Vietnam,0
806,100,29,2023-09-07,11:01:00,Card,Pending,Indonesia,1
807,91,21,2023-10-10,21:43:00,Cash,Completed,Kenya,0
808,141,32,2024-01-09,19:49:00,Cash,Completed,Australia,0
809,178,48,2022-03-26,00:35:00,Card,Completed,Italy,5
810,29,4,2022-12-17,04:55:00,Mobile Wallet,Completed,Canada,5
811,108,16,2022-03-08,00:53:00,Card,Completed,Spain,0
812,180,7,2024-09-19,01:01:00,Card,Completed,Vietnam,0
813,20,1,2024-03-11,23:50:00,Card,Pending,Italy,0
814,87,29,2024-08-13,21:55:00,Card,Completed,Indonesia,0
815,3,26,2023-05-18,08:48:00,Mobile Wallet,Cancelled,Australia,0
816,59,28,2021-11-18,04:16:00,Card,Completed,Costa Rica,1
817,57,26,2022-01-12,22:16:00,Online,Completed,Costa Rica,0
818,96,42,2023-05-19,11:27:00,Card,Completed,Mexico,0
819,28,5,2022-03-10,06:53:00,Mobile Wallet,Completed,Brazil,0
820,22,37,2024-03-02,10:44:00,Online,Completed,Mexico,0
821,92,49,2022-08-02,23:59:00,Cash,Completed,Peru,0
822,190,33,2021-07-26,13:02:00,Mobile Wallet,Completed,Brazil,0
823,39,44,2023-08-07,23:15:00,Cash,Completed,Indonesia,7
824,129,34,2024-05-31,04:28:00,Online,Completed,Honduras,1
825,111,3,2024-10-30,05:12:00,Card,Completed,Italy,0
826,4,10,2022-09-26,15:31:00,Online,Completed,Mexico,0
827,72,37,2023-01-15,16:09:00,Card,Pending,France,1
828,36,8,2024-03-10,21:09:00,Card,Cancelled,Vietnam,0
829,132,40,2022-10-05,23:17:00,Cash,Completed,Brazil,1
830,63,45,2024-02-23,19:27:00,Mobile Wallet,Completed,Colombia,0
831,119,43,2021-07-11,15:52:00,Card,Completed,Indonesia,1
832,102,50,2023-06-07,20:37:00,Card,Completed,Italy,0
833,117,3,2024-01-22,01:04:00,Card,Pending,Costa Rica,0
834,93,28,2023-08-28,23:20:00,Card,Completed,Guatemala,1
835,22,10,2021-05-22,17:54:00,Card,Completed,Guatemala,0
836,14,6,2023-05-28,14:18:00,Mobile Wallet,Completed,Canada,1
837,42,45,2023-06-14,19:08:00,Cash,Completed,Germany,0
838,186,43,2024-03-30,15:39:00,Card,Pending,Italy,2
839,30,44,2023-04-13,04:17:00,Mobile Wallet,Completed,UK,0
840,56,48,2022-01-20,07:22:00,Cash,Completed,India,5
841,148,1,2023-01-29,22:08:00,Card,Pending,Spain,0
842,91,35,2023-05-23,15:39:00,Mobile Wallet,Completed,Indonesia,0
843,42,35,2023-06-12,23:57:00,Mobile Wallet,Completed,Ethiopia,7
844,27,6,2024-08-23,21:17:00,Online,Cancelled,Ethiopia,1
845,129,38,2021-03-08,15:31:00,Mobile Wallet,Completed,Ethiopia,0
846,121,8,2022-12-20,12:47:00,Online,Completed,Australia,0
847,169,17,2022-09-22,14:09:00,Mobile Wallet,Completed,United States,0
848,96,34,2024-05-13,08:15:00,Card,Completed,Costa Rica,0
849,165,26,2021-04-16,05:55:00,Cash,Completed,Peru,0
850,112,15,2021-07-23,13:22:00,Card,Completed,Guatemala,2
851,41,21,2022-02-22,20:15:00,Card,Completed,Germany,1
852,21,37,2023-02-23,12:13:00,Mobile Wallet,Completed,Kenya,0
853,138,16,2023-02-14,04:54:00,Cash,Completed,UK,2
854,29,30,2024-05-05,03:10:00,Card,Completed,Honduras,3
855,54,26,2021-07-26,21:21:00,Card,Completed,Spain,0
856,81,41,2023-07-13,01:04:00,Card,Completed,Peru,7
857,124,40,2024-05-13,06:34:00,Card,Completed,Canada,0
858,132,49,2021-11-09,04:43:00,Card,Completed,Vietnam,0
859,124,13,2021-07-08,16:55:00,Cash,Completed,Costa Rica,3
860,65,12,2022-02-10,03:30:00,Mobile Wallet,Completed,UK,0
861,53,47,2023-09-27,10:52:00,Card,Completed,Germany,0
862,52,37,2022-12-24,01:09:00,Cash,Pending,Guatemala,0
863,76,39,2024-08-14,14:39:00,Cash,Completed,Honduras,0
864,56,43,2023-02-01,23:29:00,Mobile Wallet,Completed,Peru,0
865,146,21,2022-04-22,07:25:00,Card,Completed,Guatemala,1
866,172,5,2024-03-21,01:41:00,Card,Completed,Italy,0
867,71,27,2021-09-02,08:04:00,Card,Completed,Mexico,0
868,148,1,2023-08-04,18:12:00,Mobile Wallet,Cancelled,Brazil,0
869,5,5,2023-08-21,11:48:00,Mobile Wallet,Completed,Canada,1
870,127,40,2021-04-07,21:52:00,Cash,Pending,Ethiopia,2
871,159,7,2021-03-01,11:01:00,Mobile Wallet,Returned,Spain,0
872,23,13,2023-01-26,01:28:00,Cash,Completed,Mexico,0
873,85,45,2024-06-08,19:54:00,Card,Completed,Vietnam,0
874,38,49,2024-04-11,08:12:00,Online,Completed,Italy,5
875,83,50,2023-09-16,12:02:00,Card,Completed,Kenya,1
876,189,14,2021-06-09,07:22:00,Card,Completed,Costa Rica,0
877,27,22,2022-03-04,22:22:00,Mobile Wallet,Completed,Australia,0
878,34,15,2023-01-15,13:39:00,Card,Completed,Guatemala,0
879,176,20,2024-03-28,08:12:00,Card,Completed,France,0
880,8,31,2024-09-17,02:52:00,Card,Completed,India,0
881,129,28,2023-11-07,22:08:00,Card,Completed,Spain,0
882,49,26,2021-12-28,03:43:00,Cash,Completed,Kenya,5
883,57,8,2021-04-19,21:10:00,Cash,Completed,Costa Rica,0
884,26,15,2022-07-04,09:49:00,Card,Completed,Mexico,1
885,25,12,2023-10-28,23:15:00,Cash,Completed,Indonesia,0
886,117,10,2021-01-27,09:00:00,Card,Returned,Indonesia,1
887,3,39,2022-12-23,00:35:00,Cash,Completed,Mexico,2
888,135,33,2021-12-09,11:27:00,Mobile Wallet,Completed,Honduras,7
889,66,43,2023-09-24,11:23:00,Card,Returned,Germany,0
890,70,44,2023-11-30,22:30:00,Card,Pending,Honduras,0
891,63,37,2023-06-02,12:53:00,Mobile Wallet,Completed,Guatemala,2
892,174,35,2023-07-10,09:25:00,Mobile Wallet,Completed,Brazil,0
893,180,22,2024-06-08,11:50:00,Mobile Wallet,Completed,United States,0
894,176,10,2023-08-14,22:40:00,Cash,Completed,Italy,0
895,76,1,2023-07-19,16:40:00,Card,Completed,Spain,0
896,1,4,2022-05-30,19:08:00,Mobile Wallet,Completed,Colombia,1
897,37,47,2022-02-07,16:09:00,Online,Pending,Kenya,2
898,164,25,2023-05-16,20:22:00,Online,Completed,UK,0
899,83,38,2021-10-13,06:48:00,Card,Completed,Colombia,0
900,161,30,2024-01-23,17:58:00,Mobile Wallet,Completed,Peru,0
901,176,46,2023-01-03,15:44:00,Card,Completed,Canada,0
902,197,27,2021-07-01,19:48:00,Cash,Completed,Vietnam,1
903,145,19,2021-04-20,15:47:00,Card,Completed,Australia,0
904,14,6,2021-04-23,03:19:00,Online,Completed,UK,0
905,85,4,2021-09-06,17:37:00,Cash,Completed,Italy,0
906,173,41,2021-11-13,21:17:00,Card,Completed,Ethiopia,0
907,40,39,2021-09-05,17:15:00,Card,Completed,Brazil,3
908,77,26,2023-09-18,04:59:00,Mobile Wallet,Completed,Indonesia,0
909,191,43,2022-05-08,16:23:00,Mobile Wallet,Completed,Ethiopia,5
910,127,24,2024-09-29,14:30:00,Card,Completed,Mexico,0
911,145,25,2021-01-23,12:06:00,Card,Pending,France,2
912,118,18,2021-01-19,05:10:00,Card,Completed,UK,0
913,184,9,2022-07-25,22:01:00,Cash,Completed,Italy,1
914,47,37,2023-11-05,20:05:00,Cash,Pending,Honduras,0
915,104,5,2021-04-03,03:37:00,Mobile Wallet,Completed,Italy,0
916,60,50,2022-04-30,14:20:00,Mobile Wallet,Cancelled,Brazil,1
917,30,3,2021-05-30,10:57:00,Card,Completed,France,0
918,164,37,2024-02-14,07:41:00,Card,Completed,Indonesia,0
919,136,13,2021-06-26,04:47:00,Cash,Returned,Honduras,1
920,146,35,2021-05-28,07:04:00,Cash,Completed,Italy,0
921,92,40,2024-02-19,19:25:00,Mobile Wallet,Completed,Australia,0
922,31,32,2022-04-18,09:53:00,Cash,Cancelled,Guatemala,0
923,92,5,2021-11-20,17:04:00,Card,Completed,Germany,0
924,179,8,2024-04-08,01:06:00,Online,Completed,Guatemala,0
925,196,4,2021-10-13,22:38:00,Mobile Wallet,Cancelled,Brazil,0
926,19,37,2024-06-03,02:24:00,Mobile Wallet,Pending,Germany,1
927,21,36,2023-09-08,22:11:00,Card,Completed,Italy,0
928,59,2,2021-04-24,12:56:00,Mobile Wallet,Completed,United States,0
929,14,25,2023-02-12,03:56:00,Card,Completed,Germany,7
930,95,23,2022-02-01,20:05:00,Online,Completed,Spain,1
931,138,37,2021-04-04,01:29:00,Card,Completed,Germany,1
932,63,19,2021-09-23,02:36:00,Card,Completed,Canada,0
933,181,48,2023-01-02,09:59:00,Mobile Wallet,Returned,Kenya,0
934,69,21,2024-01-14,21:13:00,Card,Completed,Colombia,0
935,36,34,2022-04-18,04:50:00,Cash,Completed,Kenya,1
936,167,49,2023-07-19,02:53:00,Card,Completed,Germany,0
937,5,25,2023-02-27,14:42:00,Card,Completed,Mexico,0
938,196,23,2021-02-23,20:10:00,Mobile Wallet,Completed,United States,0
939,160,28,2023-05-26,18:53:00,Online,Completed,Mexico,2
940,137,30,2023-05-19,13:00:00,Cash,Completed,Kenya,0
941,4,18,2024-10-29,13:28:00,Card,Completed,Guatemala,0
942,169,17,2024-08-30,06:06:00,Cash,Completed,United States,0
943,120,3,2023-01-05,19:46:00,Mobile Wallet,Pending,Guatemala,2
944,142,21,2021-05-12,16:53:00,Card,Completed,Indonesia,0
945,159,42,2021-04-12,15:01:00,Cash,Completed,Brazil,0
946,59,4,2022-06-15,11:56:00,Card,Completed,Australia,0
947,131,5,2022-05-01,14:33:00,Cash,Returned,Vietnam,0
948,156,24,2022-11-18,05:28:00,Mobile Wallet,Completed,Mexico,3
949,152,2,2021-08-06,17:20:00,Mobile Wallet,Completed,Honduras,3
950,97,38,2021-03-08,07:39:00,Card,Completed,UK,1
951,188,27,2024-01-09,20:43:00,Mobile Wallet,Completed,Australia,0
952,82,18,2022-02-04,10:44:00,Card,Completed,Ethiopia,1
953,114,47,2023-04-20,12:21:00,Card,Completed,Germany,0
954,108,15,2024-03-12,22:43:00,Online,Completed,Guatemala,1
955,88,21,2021-08-30,21:35:00,Card,Returned,India,2
956,117,1,2021-12-08,16:02:00,Card,Completed,Vietnam,2
957,111,2,2021-12-08,08:14:00,Card,Completed,Ethiopia,0
958,87,38,2024-05-31,12:06:00,Online,Pending,Spain,1
959,190,28,2022-08-16,20:07:00,Mobile Wallet,Cancelled,Australia,0
960,2,38,2024-04-29,06:01:00,Cash,Completed,UK,0
961,198,7,2022-04-21,17:55:00,Card,Completed,Spain,0
962,99,21,2022-01-01,21:00:00,Card,Completed,Honduras,0
963,31,19,2022-07-15,08:51:00,Card,Pending,Ethiopia,3
964,171,18,2021-10-16,00:56:00,Cash,Completed,Brazil,5
965,139,35,2022-02-04,09:37:00,Mobile Wallet,Pending,UK,0
966,114,34,2021-09-16,14:45:00,Card,Completed,Colombia,2
967,72,47,2024-10-01,07:35:00,Card,Completed,Peru,0
968,86,18,2023-07-18,10:44:00,Cash,Returned,Brazil,0
969,181,34,2022-10-13,21:24:00,Cash,Completed,Vietnam,0
970,57,44,2022-02-05,09:38:00,Card,Completed,Colombia,5
971,186,48,2022-03-15,06:04:00,Card,Completed,Guatemala,1
972,162,38,2022-04-26,07:54:00,Card,Returned,Italy,0
973,162,26,2024-05-09,09:48:00,Card,Completed,France,0
974,170,28,2021-08-26,13:35:00,Online,Completed,Italy,2
975,126,39,2023-04-24,13:57:00,Card,Completed,Peru,0
976,82,27,2023-03-13,07:28:00,Card,Completed,Brazil,0
977,105,15,2024-03-18,04:24:00,Cash,Completed,United States,5
978,6,25,2021-07-04,18:52:00,Card,Completed,Brazil,0
979,93,35,2022-02-11,11:18:00,Mobile Wallet,Completed,Canada,1
980,4,3,2021-02-11,16:33:00,Cash,Completed,Mexico,0
981,59,41,2022-05-22,04:28:00,Mobile Wallet,Completed,Guatemala,2
982,20,5,2023-10-31,18:29:00,Mobile Wallet,Completed,Vietnam,0
983,151,26,2022-02-02,15:39:00,Mobile Wallet,Completed,Guatemala,5
984,148,31,2023-02-11,16:29:00,Card,Completed,Canada,0
985,98,2,2023-10-15,15:26:00,Online,Completed,United States,0
986,60,29,2023-01-28,21:30:00,Card,Pending,Ethiopia,0
987,54,32,2024-04-30,17:51:00,Card,Completed,UK,1
988,16,50,2023-10-08,01:14:00,Card,Completed,UK,0
989,2,18,2022-03-05,22:15:00,Mobile Wallet,Completed,France,1
990,132,36,2021-06-16,04:08:00,Card,Completed,France,2
991,30,3,2023-05-19,18:40:00,Cash,Completed,United States,0
992,112,19,2024-10-17,05:39:00,Card,Completed,Australia,1
993,158,46,2023-01-31,11:16:00,Card,Cancelled,Vietnam,0
994,184,31,2021-01-21,00:11:00,Card,Completed,India,0
995,25,35,2023-07-29,02:16:00,Card,Completed,Canada,2
996,89,41,2021-01-29,13:45:00,Card,Pending,Canada,0
997,169,13,2021-06-08,08:58:00,Card,Completed,Vietnam,1
998,151,42,2023-02-24,21:01:00,Mobile Wallet,Completed,Italy,0
999,1,15,2022-03-20,16:13:00,Mobile Wallet,Returned,Peru,0
1000,14,9,2023-11-14,08:13:00,Card,Completed,Costa Rica,1
